[{"model": "orders.pizzatype", "pk": 1, "fields": {"name": "Regular"}}, {"model": "orders.pizzatype", "pk": 2, "fields": {"name": "Sicilian"}}, {"model": "orders.toppingchoice", "pk": 1, "fields": {"topping": "Cheese"}}, {"model": "orders.toppingchoice", "pk": 2, "fields": {"topping": "1 topping"}}, {"model": "orders.toppingchoice", "pk": 3, "fields": {"topping": "2 toppings"}}, {"model": "orders.toppingchoice", "pk": 4, "fields": {"topping": "3 toppings"}}, {"model": "orders.toppingchoice", "pk": 5, "fields": {"topping": "Special"}}, {"model": "orders.size", "pk": 1, "fields": {"size": "Small"}}, {"model": "orders.size", "pk": 2, "fields": {"size": "Large"}}, {"model": "orders.toppings", "pk": 1, "fields": {"topping": "Pepperoni"}}, {"model": "orders.toppings", "pk": 2, "fields": {"topping": "Sausage"}}, {"model": "orders.toppings", "pk": 3, "fields": {"topping": "Mushrooms"}}, {"model": "orders.toppings", "pk": 4, "fields": {"topping": "Onions"}}, {"model": "orders.toppings", "pk": 5, "fields": {"topping": "Ham"}}, {"model": "orders.toppings", "pk": 6, "fields": {"topping": "Canadian Bacon"}}, {"model": "orders.toppings", "pk": 7, "fields": {"topping": "Pineapple"}}, {"model": "orders.toppings", "pk": 8, "fields": {"topping": "Eggplant"}}, {"model": "orders.toppings", "pk": 9, "fields": {"topping": "Tomato & Basil"}}, {"model": "orders.toppings", "pk": 10, "fields": {"topping": "Green Peppers"}}, {"model": "orders.toppings", "pk": 11, "fields": {"topping": "Hamburger"}}, {"model": "orders.toppings", "pk": 12, "fields": {"topping": "Spinach"}}, {"model": "orders.toppings", "pk": 13, "fields": {"topping": "Artichoke"}}, {"model": "orders.toppings", "pk": 14, "fields": {"topping": "Buffalo Chicken"}}, {"model": "orders.toppings", "pk": 15, "fields": {"topping": "Barbecue Chicken"}}, {"model": "orders.toppings", "pk": 16, "fields": {"topping": "Anchovies"}}, {"model": "orders.toppings", "pk": 17, "fields": {"topping": "Black Olives"}}, {"model": "orders.toppings", "pk": 18, "fields": {"topping": "Fresh Garlic"}}, {"model": "orders.toppings", "pk": 19, "fields": {"topping": "Zucchini"}}, {"model": "orders.toppings", "pk": 20, "fields": {"topping": "Cheese"}}, {"model": "orders.substype", "pk": 1, "fields": {"name": "Cheese", "subs_extra": false, "steak_subs_extra": false}}, {"model": "orders.substype", "pk": 2, "fields": {"name": "Italian", "subs_extra": false, "steak_subs_extra": false}}, {"model": "orders.substype", "pk": 3, "fields": {"name": "Ham + Cheese", "subs_extra": false, "steak_subs_extra": false}}, {"model": "orders.substype", "pk": 4, "fields": {"name": "Meatball", "subs_extra": false, "steak_subs_extra": false}}, {"model": "orders.substype", "pk": 5, "fields": {"name": "Tuna", "subs_extra": false, "steak_subs_extra": false}}, {"model": "orders.substype", "pk": 6, "fields": {"name": "Turkey", "subs_extra": false, "steak_subs_extra": false}}, {"model": "orders.substype", "pk": 7, "fields": {"name": "Chicken Parmigiana", "subs_extra": false, "steak_subs_extra": false}}, {"model": "orders.substype", "pk": 8, "fields": {"name": "Eggplant Parmigiana", "subs_extra": false, "steak_subs_extra": false}}, {"model": "orders.substype", "pk": 9, "fields": {"name": "Steak", "subs_extra": false, "steak_subs_extra": false}}, {"model": "orders.substype", "pk": 10, "fields": {"name": "Steak + Cheese", "subs_extra": false, "steak_subs_extra": false}}, {"model": "orders.substype", "pk": 11, "fields": {"name": "Sausage, Peppers & Onions", "subs_extra": false, "steak_subs_extra": false}}, {"model": "orders.substype", "pk": 12, "fields": {"name": "Hamburger", "subs_extra": false, "steak_subs_extra": false}}, {"model": "orders.substype", "pk": 13, "fields": {"name": "Cheeseburger", "subs_extra": false, "steak_subs_extra": false}}, {"model": "orders.substype", "pk": 14, "fields": {"name": "Fried Chicken", "subs_extra": false, "steak_subs_extra": false}}, {"model": "orders.substype", "pk": 15, "fields": {"name": "Veggie", "subs_extra": false, "steak_subs_extra": false}}, {"model": "orders.substype", "pk": 16, "fields": {"name": "+ Mushrooms", "subs_extra": false, "steak_subs_extra": true}}, {"model": "orders.substype", "pk": 17, "fields": {"name": "+ Green Peppers", "subs_extra": false, "steak_subs_extra": true}}, {"model": "orders.substype", "pk": 18, "fields": {"name": "+ Onions", "subs_extra": false, "steak_subs_extra": true}}, {"model": "orders.substype", "pk": 19, "fields": {"name": "Extra Cheese", "subs_extra": true, "steak_subs_extra": false}}, {"model": "orders.dinnerplatterstype", "pk": 1, "fields": {"name": "Garden Salad"}}, {"model": "orders.dinnerplatterstype", "pk": 2, "fields": {"name": "Greek Salad"}}, {"model": "orders.dinnerplatterstype", "pk": 3, "fields": {"name": "Antipasto"}}, {"model": "orders.dinnerplatterstype", "pk": 4, "fields": {"name": "Baked Ziti"}}, {"model": "orders.dinnerplatterstype", "pk": 5, "fields": {"name": "Meatball Parm"}}, {"model": "orders.dinnerplatterstype", "pk": 6, "fields": {"name": "Chicken Parm"}}, {"model": "orders.orderpizza", "pk": 1, "fields": {"ref": "regular_1", "name": 1, "topping_choice": 1, "size": 1, "price": 12.7}}, {"model": "orders.orderpizza", "pk": 2, "fields": {"ref": "regular_1", "name": 1, "topping_choice": 1, "size": 2, "price": 17.95}}, {"model": "orders.orderpizza", "pk": 3, "fields": {"ref": "regular_2", "name": 1, "topping_choice": 2, "size": 1, "price": 13.7}}, {"model": "orders.orderpizza", "pk": 4, "fields": {"ref": "regular_2", "name": 1, "topping_choice": 2, "size": 2, "price": 19.95}}, {"model": "orders.orderpizza", "pk": 5, "fields": {"ref": "regular_3", "name": 1, "topping_choice": 3, "size": 1, "price": 15.2}}, {"model": "orders.orderpizza", "pk": 6, "fields": {"ref": "regular_3", "name": 1, "topping_choice": 3, "size": 2, "price": 21.95}}, {"model": "orders.orderpizza", "pk": 7, "fields": {"ref": "regular_4", "name": 1, "topping_choice": 4, "size": 1, "price": 16.2}}, {"model": "orders.orderpizza", "pk": 8, "fields": {"ref": "regular_4", "name": 1, "topping_choice": 4, "size": 2, "price": 23.95}}, {"model": "orders.orderpizza", "pk": 9, "fields": {"ref": "regular_5", "name": 1, "topping_choice": 5, "size": 1, "price": 17.75}}, {"model": "orders.orderpizza", "pk": 10, "fields": {"ref": "regular_5", "name": 1, "topping_choice": 5, "size": 2, "price": 25.95}}, {"model": "orders.orderpizza", "pk": 11, "fields": {"ref": "sicilian_1", "name": 2, "topping_choice": 1, "size": 1, "price": 24.45}}, {"model": "orders.orderpizza", "pk": 12, "fields": {"ref": "sicilian_1", "name": 2, "topping_choice": 1, "size": 2, "price": 38.7}}, {"model": "orders.orderpizza", "pk": 13, "fields": {"ref": "sicilian_2", "name": 2, "topping_choice": 2, "size": 1, "price": 26.45}}, {"model": "orders.orderpizza", "pk": 14, "fields": {"ref": "sicilian_2", "name": 2, "topping_choice": 2, "size": 2, "price": 40.7}}, {"model": "orders.orderpizza", "pk": 15, "fields": {"ref": "sicilian_3", "name": 2, "topping_choice": 3, "size": 1, "price": 28.45}}, {"model": "orders.orderpizza", "pk": 16, "fields": {"ref": "sicilian_3", "name": 2, "topping_choice": 3, "size": 2, "price": 42.7}}, {"model": "orders.orderpizza", "pk": 17, "fields": {"ref": "sicilian_4", "name": 2, "topping_choice": 4, "size": 1, "price": 29.45}}, {"model": "orders.orderpizza", "pk": 18, "fields": {"ref": "sicilian_4", "name": 2, "topping_choice": 4, "size": 2, "price": 44.7}}, {"model": "orders.orderpizza", "pk": 19, "fields": {"ref": "sicilian_5", "name": 2, "topping_choice": 5, "size": 1, "price": 30.45}}, {"model": "orders.orderpizza", "pk": 20, "fields": {"ref": "sicilian_5", "name": 2, "topping_choice": 5, "size": 2, "price": 45.7}}, {"model": "orders.ordersubs", "pk": 1, "fields": {"ref": "sub_1", "name": 1, "size": 1, "price": 6.5}}, {"model": "orders.ordersubs", "pk": 2, "fields": {"ref": "sub_1", "name": 1, "size": 2, "price": 7.95}}, {"model": "orders.ordersubs", "pk": 3, "fields": {"ref": "sub_2", "name": 2, "size": 1, "price": 6.5}}, {"model": "orders.ordersubs", "pk": 4, "fields": {"ref": "sub_2", "name": 2, "size": 2, "price": 7.95}}, {"model": "orders.ordersubs", "pk": 6, "fields": {"ref": "sub_3", "name": 3, "size": 2, "price": 7.95}}, {"model": "orders.ordersubs", "pk": 7, "fields": {"ref": "sub_4", "name": 4, "size": 2, "price": 7.95}}, {"model": "orders.ordersubs", "pk": 8, "fields": {"ref": "sub_5", "name": 5, "size": 2, "price": 7.95}}, {"model": "orders.ordersubs", "pk": 9, "fields": {"ref": "sub_6", "name": 6, "size": 2, "price": 8.5}}, {"model": "orders.ordersubs", "pk": 10, "fields": {"ref": "sub_7", "name": 7, "size": 2, "price": 8.5}}, {"model": "orders.ordersubs", "pk": 11, "fields": {"ref": "sub_8", "name": 8, "size": 2, "price": 7.95}}, {"model": "orders.ordersubs", "pk": 12, "fields": {"ref": "sub_9", "name": 9, "size": 2, "price": 7.95}}, {"model": "orders.ordersubs", "pk": 13, "fields": {"ref": "sub_10", "name": 10, "size": 2, "price": 8.5}}, {"model": "orders.ordersubs", "pk": 14, "fields": {"ref": "sub_11", "name": 11, "size": 2, "price": 8.5}}, {"model": "orders.ordersubs", "pk": 15, "fields": {"ref": "sub_12", "name": 12, "size": 2, "price": 6.95}}, {"model": "orders.ordersubs", "pk": 16, "fields": {"ref": "sub_13", "name": 13, "size": 2, "price": 7.45}}, {"model": "orders.ordersubs", "pk": 17, "fields": {"ref": "sub_14", "name": 14, "size": 2, "price": 8.5}}, {"model": "orders.ordersubs", "pk": 18, "fields": {"ref": "sub_15", "name": 15, "size": 2, "price": 8.5}}, {"model": "orders.ordersubs", "pk": 19, "fields": {"ref": "sub_3", "name": 3, "size": 1, "price": 6.5}}, {"model": "orders.ordersubs", "pk": 20, "fields": {"ref": "sub_4", "name": 4, "size": 1, "price": 6.5}}, {"model": "orders.ordersubs", "pk": 21, "fields": {"ref": "sub_5", "name": 5, "size": 1, "price": 6.5}}, {"model": "orders.ordersubs", "pk": 22, "fields": {"ref": "sub_6", "name": 6, "size": 1, "price": 7.5}}, {"model": "orders.ordersubs", "pk": 23, "fields": {"ref": "sub_7", "name": 7, "size": 1, "price": 7.5}}, {"model": "orders.ordersubs", "pk": 24, "fields": {"ref": "sub_8", "name": 8, "size": 1, "price": 6.5}}, {"model": "orders.ordersubs", "pk": 25, "fields": {"ref": "sub_9", "name": 9, "size": 1, "price": 6.5}}, {"model": "orders.ordersubs", "pk": 26, "fields": {"ref": "sub_10", "name": 10, "size": 1, "price": 6.95}}, {"model": "orders.ordersubs", "pk": 27, "fields": {"ref": "sub_12", "name": 12, "size": 1, "price": 4.6}}, {"model": "orders.ordersubs", "pk": 28, "fields": {"ref": "sub_13", "name": 13, "size": 1, "price": 5.1}}, {"model": "orders.ordersubs", "pk": 29, "fields": {"ref": "sub_14", "name": 14, "size": 1, "price": 6.95}}, {"model": "orders.ordersubs", "pk": 30, "fields": {"ref": "sub_15", "name": 15, "size": 1, "price": 6.95}}, {"model": "orders.ordersubs", "pk": 31, "fields": {"ref": "na", "name": 16, "size": 1, "price": 0.5}}, {"model": "orders.ordersubs", "pk": 32, "fields": {"ref": "na", "name": 16, "size": 2, "price": 0.5}}, {"model": "orders.ordersubs", "pk": 33, "fields": {"ref": "na", "name": 17, "size": 2, "price": 0.5}}, {"model": "orders.ordersubs", "pk": 34, "fields": {"ref": "na", "name": 17, "size": 1, "price": 0.5}}, {"model": "orders.ordersubs", "pk": 35, "fields": {"ref": "na", "name": 18, "size": 1, "price": 0.5}}, {"model": "orders.ordersubs", "pk": 36, "fields": {"ref": "na", "name": 18, "size": 2, "price": 0.5}}, {"model": "orders.ordersubs", "pk": 37, "fields": {"ref": "na", "name": 19, "size": 1, "price": 0.5}}, {"model": "orders.ordersubs", "pk": 38, "fields": {"ref": "na", "name": 19, "size": 2, "price": 0.5}}, {"model": "orders.ordersubsx", "pk": 1, "fields": {"ref": "subx_1", "name": 19, "price": 0.5}}, {"model": "orders.ordersubsx", "pk": 2, "fields": {"ref": "subx_2", "name": 16, "price": 0.5}}, {"model": "orders.ordersubsx", "pk": 3, "fields": {"ref": "subx_3", "name": 17, "price": 0.5}}, {"model": "orders.ordersubsx", "pk": 4, "fields": {"ref": "subx_4", "name": 18, "price": 0.5}}, {"model": "orders.orderpasta", "pk": 1, "fields": {"ref": "pasta_1", "name": "Baked Ziti w/Mozzarella", "price": 6.5}}, {"model": "orders.orderpasta", "pk": 2, "fields": {"ref": "pasta_2", "name": "Baked Ziti w/Meatballs", "price": 8.75}}, {"model": "orders.orderpasta", "pk": 3, "fields": {"ref": "pasta_3", "name": "Baked Ziti w/Chicken", "price": 9.75}}, {"model": "orders.ordersalads", "pk": 1, "fields": {"ref": "salad_1", "name": "Garden Salad", "price": 6.25}}, {"model": "orders.ordersalads", "pk": 2, "fields": {"ref": "salad_2", "name": "Greek Salad", "price": 8.25}}, {"model": "orders.ordersalads", "pk": 3, "fields": {"ref": "salad_3", "name": "Antipasto", "price": 8.25}}, {"model": "orders.ordersalads", "pk": 4, "fields": {"ref": "salad_4", "name": "Salad w/Tuna", "price": 8.25}}, {"model": "orders.orderdp", "pk": 13, "fields": {"ref": "dp_1", "name": 1, "size": 1, "price": 35.0}}, {"model": "orders.orderdp", "pk": 14, "fields": {"ref": "dp_1", "name": 1, "size": 2, "price": 60.0}}, {"model": "orders.orderdp", "pk": 15, "fields": {"ref": "dp_2", "name": 2, "size": 1, "price": 45.0}}, {"model": "orders.orderdp", "pk": 16, "fields": {"ref": "dp_2", "name": 2, "size": 2, "price": 70.0}}, {"model": "orders.orderdp", "pk": 17, "fields": {"ref": "dp_3", "name": 3, "size": 1, "price": 45.0}}, {"model": "orders.orderdp", "pk": 18, "fields": {"ref": "dp_3", "name": 3, "size": 2, "price": 70.0}}, {"model": "orders.orderdp", "pk": 19, "fields": {"ref": "dp_4", "name": 4, "size": 1, "price": 35.0}}, {"model": "orders.orderdp", "pk": 20, "fields": {"ref": "dp_4", "name": 4, "size": 2, "price": 60.0}}, {"model": "orders.orderdp", "pk": 21, "fields": {"ref": "dp_5", "name": 5, "size": 1, "price": 45.0}}, {"model": "orders.orderdp", "pk": 22, "fields": {"ref": "dp_5", "name": 5, "size": 2, "price": 70.0}}, {"model": "orders.orderdp", "pk": 23, "fields": {"ref": "dp_6", "name": 6, "size": 1, "price": 45.0}}, {"model": "orders.orderdp", "pk": 24, "fields": {"ref": "dp_6", "name": 6, "size": 2, "price": 80.0}}, {"model": "auth.permission", "pk": 1, "fields": {"name": "Can add order dinner platters", "content_type": 1, "codename": "add_orderdinnerplatters"}}, {"model": "auth.permission", "pk": 2, "fields": {"name": "Can change order dinner platters", "content_type": 1, "codename": "change_orderdinnerplatters"}}, {"model": "auth.permission", "pk": 3, "fields": {"name": "Can delete order dinner platters", "content_type": 1, "codename": "delete_orderdinnerplatters"}}, {"model": "auth.permission", "pk": 4, "fields": {"name": "Can view order dinner platters", "content_type": 1, "codename": "view_orderdinnerplatters"}}, {"model": "auth.permission", "pk": 5, "fields": {"name": "Can add order pasta", "content_type": 2, "codename": "add_orderpasta"}}, {"model": "auth.permission", "pk": 6, "fields": {"name": "Can change order pasta", "content_type": 2, "codename": "change_orderpasta"}}, {"model": "auth.permission", "pk": 7, "fields": {"name": "Can delete order pasta", "content_type": 2, "codename": "delete_orderpasta"}}, {"model": "auth.permission", "pk": 8, "fields": {"name": "Can view order pasta", "content_type": 2, "codename": "view_orderpasta"}}, {"model": "auth.permission", "pk": 9, "fields": {"name": "Can add order pizza", "content_type": 3, "codename": "add_orderpizza"}}, {"model": "auth.permission", "pk": 10, "fields": {"name": "Can change order pizza", "content_type": 3, "codename": "change_orderpizza"}}, {"model": "auth.permission", "pk": 11, "fields": {"name": "Can delete order pizza", "content_type": 3, "codename": "delete_orderpizza"}}, {"model": "auth.permission", "pk": 12, "fields": {"name": "Can view order pizza", "content_type": 3, "codename": "view_orderpizza"}}, {"model": "auth.permission", "pk": 13, "fields": {"name": "Can add order salads", "content_type": 4, "codename": "add_ordersalads"}}, {"model": "auth.permission", "pk": 14, "fields": {"name": "Can change order salads", "content_type": 4, "codename": "change_ordersalads"}}, {"model": "auth.permission", "pk": 15, "fields": {"name": "Can delete order salads", "content_type": 4, "codename": "delete_ordersalads"}}, {"model": "auth.permission", "pk": 16, "fields": {"name": "Can view order salads", "content_type": 4, "codename": "view_ordersalads"}}, {"model": "auth.permission", "pk": 17, "fields": {"name": "Can add order sub", "content_type": 5, "codename": "add_ordersub"}}, {"model": "auth.permission", "pk": 18, "fields": {"name": "Can change order sub", "content_type": 5, "codename": "change_ordersub"}}, {"model": "auth.permission", "pk": 19, "fields": {"name": "Can delete order sub", "content_type": 5, "codename": "delete_ordersub"}}, {"model": "auth.permission", "pk": 20, "fields": {"name": "Can view order sub", "content_type": 5, "codename": "view_ordersub"}}, {"model": "auth.permission", "pk": 21, "fields": {"name": "Can add pizza type", "content_type": 6, "codename": "add_pizzatype"}}, {"model": "auth.permission", "pk": 22, "fields": {"name": "Can change pizza type", "content_type": 6, "codename": "change_pizzatype"}}, {"model": "auth.permission", "pk": 23, "fields": {"name": "Can delete pizza type", "content_type": 6, "codename": "delete_pizzatype"}}, {"model": "auth.permission", "pk": 24, "fields": {"name": "Can view pizza type", "content_type": 6, "codename": "view_pizzatype"}}, {"model": "auth.permission", "pk": 25, "fields": {"name": "Can add size", "content_type": 7, "codename": "add_size"}}, {"model": "auth.permission", "pk": 26, "fields": {"name": "Can change size", "content_type": 7, "codename": "change_size"}}, {"model": "auth.permission", "pk": 27, "fields": {"name": "Can delete size", "content_type": 7, "codename": "delete_size"}}, {"model": "auth.permission", "pk": 28, "fields": {"name": "Can view size", "content_type": 7, "codename": "view_size"}}, {"model": "auth.permission", "pk": 29, "fields": {"name": "Can add sub extra", "content_type": 8, "codename": "add_subextra"}}, {"model": "auth.permission", "pk": 30, "fields": {"name": "Can change sub extra", "content_type": 8, "codename": "change_subextra"}}, {"model": "auth.permission", "pk": 31, "fields": {"name": "Can delete sub extra", "content_type": 8, "codename": "delete_subextra"}}, {"model": "auth.permission", "pk": 32, "fields": {"name": "Can view sub extra", "content_type": 8, "codename": "view_subextra"}}, {"model": "auth.permission", "pk": 33, "fields": {"name": "Can add sub type", "content_type": 9, "codename": "add_subtype"}}, {"model": "auth.permission", "pk": 34, "fields": {"name": "Can change sub type", "content_type": 9, "codename": "change_subtype"}}, {"model": "auth.permission", "pk": 35, "fields": {"name": "Can delete sub type", "content_type": 9, "codename": "delete_subtype"}}, {"model": "auth.permission", "pk": 36, "fields": {"name": "Can view sub type", "content_type": 9, "codename": "view_subtype"}}, {"model": "auth.permission", "pk": 37, "fields": {"name": "Can add topping choice", "content_type": 10, "codename": "add_toppingchoice"}}, {"model": "auth.permission", "pk": 38, "fields": {"name": "Can change topping choice", "content_type": 10, "codename": "change_toppingchoice"}}, {"model": "auth.permission", "pk": 39, "fields": {"name": "Can delete topping choice", "content_type": 10, "codename": "delete_toppingchoice"}}, {"model": "auth.permission", "pk": 40, "fields": {"name": "Can view topping choice", "content_type": 10, "codename": "view_toppingchoice"}}, {"model": "auth.permission", "pk": 41, "fields": {"name": "Can add toppings", "content_type": 11, "codename": "add_toppings"}}, {"model": "auth.permission", "pk": 42, "fields": {"name": "Can change toppings", "content_type": 11, "codename": "change_toppings"}}, {"model": "auth.permission", "pk": 43, "fields": {"name": "Can delete toppings", "content_type": 11, "codename": "delete_toppings"}}, {"model": "auth.permission", "pk": 44, "fields": {"name": "Can view toppings", "content_type": 11, "codename": "view_toppings"}}, {"model": "auth.permission", "pk": 45, "fields": {"name": "Can add log entry", "content_type": 12, "codename": "add_logentry"}}, {"model": "auth.permission", "pk": 46, "fields": {"name": "Can change log entry", "content_type": 12, "codename": "change_logentry"}}, {"model": "auth.permission", "pk": 47, "fields": {"name": "Can delete log entry", "content_type": 12, "codename": "delete_logentry"}}, {"model": "auth.permission", "pk": 48, "fields": {"name": "Can view log entry", "content_type": 12, "codename": "view_logentry"}}, {"model": "auth.permission", "pk": 49, "fields": {"name": "Can add permission", "content_type": 13, "codename": "add_permission"}}, {"model": "auth.permission", "pk": 50, "fields": {"name": "Can change permission", "content_type": 13, "codename": "change_permission"}}, {"model": "auth.permission", "pk": 51, "fields": {"name": "Can delete permission", "content_type": 13, "codename": "delete_permission"}}, {"model": "auth.permission", "pk": 52, "fields": {"name": "Can view permission", "content_type": 13, "codename": "view_permission"}}, {"model": "auth.permission", "pk": 53, "fields": {"name": "Can add group", "content_type": 14, "codename": "add_group"}}, {"model": "auth.permission", "pk": 54, "fields": {"name": "Can change group", "content_type": 14, "codename": "change_group"}}, {"model": "auth.permission", "pk": 55, "fields": {"name": "Can delete group", "content_type": 14, "codename": "delete_group"}}, {"model": "auth.permission", "pk": 56, "fields": {"name": "Can view group", "content_type": 14, "codename": "view_group"}}, {"model": "auth.permission", "pk": 57, "fields": {"name": "Can add user", "content_type": 15, "codename": "add_user"}}, {"model": "auth.permission", "pk": 58, "fields": {"name": "Can change user", "content_type": 15, "codename": "change_user"}}, {"model": "auth.permission", "pk": 59, "fields": {"name": "Can delete user", "content_type": 15, "codename": "delete_user"}}, {"model": "auth.permission", "pk": 60, "fields": {"name": "Can view user", "content_type": 15, "codename": "view_user"}}, {"model": "auth.permission", "pk": 61, "fields": {"name": "Can add content type", "content_type": 16, "codename": "add_contenttype"}}, {"model": "auth.permission", "pk": 62, "fields": {"name": "Can change content type", "content_type": 16, "codename": "change_contenttype"}}, {"model": "auth.permission", "pk": 63, "fields": {"name": "Can delete content type", "content_type": 16, "codename": "delete_contenttype"}}, {"model": "auth.permission", "pk": 64, "fields": {"name": "Can view content type", "content_type": 16, "codename": "view_contenttype"}}, {"model": "auth.permission", "pk": 65, "fields": {"name": "Can add session", "content_type": 17, "codename": "add_session"}}, {"model": "auth.permission", "pk": 66, "fields": {"name": "Can change session", "content_type": 17, "codename": "change_session"}}, {"model": "auth.permission", "pk": 67, "fields": {"name": "Can delete session", "content_type": 17, "codename": "delete_session"}}, {"model": "auth.permission", "pk": 68, "fields": {"name": "Can view session", "content_type": 17, "codename": "view_session"}}, {"model": "auth.permission", "pk": 69, "fields": {"name": "Can add order subs", "content_type": 18, "codename": "add_ordersubs"}}, {"model": "auth.permission", "pk": 70, "fields": {"name": "Can change order subs", "content_type": 18, "codename": "change_ordersubs"}}, {"model": "auth.permission", "pk": 71, "fields": {"name": "Can delete order subs", "content_type": 18, "codename": "delete_ordersubs"}}, {"model": "auth.permission", "pk": 72, "fields": {"name": "Can view order subs", "content_type": 18, "codename": "view_ordersubs"}}, {"model": "auth.permission", "pk": 73, "fields": {"name": "Can add subs type", "content_type": 9, "codename": "add_substype"}}, {"model": "auth.permission", "pk": 74, "fields": {"name": "Can change subs type", "content_type": 9, "codename": "change_substype"}}, {"model": "auth.permission", "pk": 75, "fields": {"name": "Can delete subs type", "content_type": 9, "codename": "delete_substype"}}, {"model": "auth.permission", "pk": 76, "fields": {"name": "Can view subs type", "content_type": 9, "codename": "view_substype"}}, {"model": "auth.permission", "pk": 77, "fields": {"name": "Can add dinner platters type", "content_type": 19, "codename": "add_dinnerplatterstype"}}, {"model": "auth.permission", "pk": 78, "fields": {"name": "Can change dinner platters type", "content_type": 19, "codename": "change_dinnerplatterstype"}}, {"model": "auth.permission", "pk": 79, "fields": {"name": "Can delete dinner platters type", "content_type": 19, "codename": "delete_dinnerplatterstype"}}, {"model": "auth.permission", "pk": 80, "fields": {"name": "Can view dinner platters type", "content_type": 19, "codename": "view_dinnerplatterstype"}}, {"model": "auth.permission", "pk": 81, "fields": {"name": "Can add test", "content_type": 20, "codename": "add_test"}}, {"model": "auth.permission", "pk": 82, "fields": {"name": "Can change test", "content_type": 20, "codename": "change_test"}}, {"model": "auth.permission", "pk": 83, "fields": {"name": "Can delete test", "content_type": 20, "codename": "delete_test"}}, {"model": "auth.permission", "pk": 84, "fields": {"name": "Can view test", "content_type": 20, "codename": "view_test"}}, {"model": "auth.permission", "pk": 85, "fields": {"name": "Can add order", "content_type": 21, "codename": "add_order"}}, {"model": "auth.permission", "pk": 86, "fields": {"name": "Can change order", "content_type": 21, "codename": "change_order"}}, {"model": "auth.permission", "pk": 87, "fields": {"name": "Can delete order", "content_type": 21, "codename": "delete_order"}}, {"model": "auth.permission", "pk": 88, "fields": {"name": "Can view order", "content_type": 21, "codename": "view_order"}}, {"model": "auth.permission", "pk": 89, "fields": {"name": "Can add item", "content_type": 22, "codename": "add_item"}}, {"model": "auth.permission", "pk": 90, "fields": {"name": "Can change item", "content_type": 22, "codename": "change_item"}}, {"model": "auth.permission", "pk": 91, "fields": {"name": "Can delete item", "content_type": 22, "codename": "delete_item"}}, {"model": "auth.permission", "pk": 92, "fields": {"name": "Can view item", "content_type": 22, "codename": "view_item"}}, {"model": "auth.permission", "pk": 93, "fields": {"name": "Can add order dp", "content_type": 1, "codename": "add_orderdp"}}, {"model": "auth.permission", "pk": 94, "fields": {"name": "Can change order dp", "content_type": 1, "codename": "change_orderdp"}}, {"model": "auth.permission", "pk": 95, "fields": {"name": "Can delete order dp", "content_type": 1, "codename": "delete_orderdp"}}, {"model": "auth.permission", "pk": 96, "fields": {"name": "Can view order dp", "content_type": 1, "codename": "view_orderdp"}}, {"model": "auth.permission", "pk": 97, "fields": {"name": "Can add order subs x", "content_type": 23, "codename": "add_ordersubsx"}}, {"model": "auth.permission", "pk": 98, "fields": {"name": "Can change order subs x", "content_type": 23, "codename": "change_ordersubsx"}}, {"model": "auth.permission", "pk": 99, "fields": {"name": "Can delete order subs x", "content_type": 23, "codename": "delete_ordersubsx"}}, {"model": "auth.permission", "pk": 100, "fields": {"name": "Can view order subs x", "content_type": 23, "codename": "view_ordersubsx"}}, {"model": "auth.permission", "pk": 101, "fields": {"name": "Change order status", "content_type": 21, "codename": "can_change_status"}}, {"model": "auth.group", "pk": 1, "fields": {"name": "Customers", "permissions": []}}, {"model": "auth.user", "pk": 1, "fields": {"password": "pbkdf2_sha256$150000$Hj20liwqWNl7$VsrLZRS55Y8q8zTygJ+h8h0zl8L7mZfC+fBEhsKBKQw=", "last_login": "2019-11-16T08:52:08.955Z", "is_superuser": true, "username": "tramy", "first_name": "", "last_name": "", "email": "lethitramy27@gmail.com", "is_staff": true, "is_active": true, "date_joined": "2019-10-30T16:08:45Z", "groups": [], "user_permissions": [101]}}, {"model": "auth.user", "pk": 2, "fields": {"password": "pbkdf2_sha256$120000$P1wuZXqQzNSW$MxVcsobZs7w83Wj5dv+uXa1uOhb+fgYZsdXG5DaviOA=", "last_login": "2019-10-31T05:45:01.196Z", "is_superuser": false, "username": "my", "first_name": "My", "last_name": "Le", "email": "lethitramy27@gmail.com", "is_staff": false, "is_active": true, "date_joined": "2019-10-31T05:12:33Z", "groups": [1], "user_permissions": []}}, {"model": "auth.user", "pk": 3, "fields": {"password": "pbkdf2_sha256$120000$rpSUHQsoZuHU$PKItzV2wb3nzOVBSeKjJ7s2tKhrHvWTt1u814VIKSSg=", "last_login": null, "is_superuser": false, "username": "meemee", "first_name": "Na", "last_name": "Le", "email": "lethitramy27@gmail.com", "is_staff": false, "is_active": true, "date_joined": "2019-10-31T07:35:07.786Z", "groups": [], "user_permissions": []}}, {"model": "auth.user", "pk": 4, "fields": {"password": "pbkdf2_sha256$120000$aFEHmzuD7MHK$zklR2Q2K3s9FMW9hMBqFMJlToDYUQ8g7I+6N+epEbKg=", "last_login": null, "is_superuser": false, "username": "meemeee", "first_name": "Na", "last_name": "Le", "email": "lethitramy27@gmail.com", "is_staff": false, "is_active": true, "date_joined": "2019-10-31T07:37:18.700Z", "groups": [], "user_permissions": []}}, {"model": "auth.user", "pk": 5, "fields": {"password": "pbkdf2_sha256$120000$qSH2ut5dFtRs$MPQx7Kr4V4iIUXmuvMbH+vZabbMw4gx1PZe0HO7CnQ4=", "last_login": "2019-11-15T08:32:01.033Z", "is_superuser": false, "username": "mee", "first_name": "Na", "last_name": "Le", "email": "lethitramy27@gmail.com", "is_staff": false, "is_active": true, "date_joined": "2019-10-31T07:39:37.778Z", "groups": [], "user_permissions": []}}, {"model": "auth.user", "pk": 6, "fields": {"password": "pbkdf2_sha256$150000$uhcTsC4j3kTE$6YpmKTujjh7nACwwrkBenUgG51X6110CxqrUXUHEUWw=", "last_login": "2019-11-09T14:50:12.055Z", "is_superuser": false, "username": "thien", "first_name": "thien", "last_name": "do", "email": "dvkndn@gmail.com", "is_staff": false, "is_active": true, "date_joined": "2019-11-09T14:50:11.864Z", "groups": [], "user_permissions": []}}, {"model": "auth.user", "pk": 7, "fields": {"password": "pbkdf2_sha256$150000$PALknOo5y8PF$hR6+j2io+52zPyJ87Tn0RdQ/6DXhx6XPkD5KtZxKmdU=", "last_login": "2019-11-16T09:05:34.578Z", "is_superuser": false, "username": "mee2", "first_name": "My", "last_name": "Le", "email": "lethitramy27@gmail.com", "is_staff": false, "is_active": true, "date_joined": "2019-11-16T08:54:20.701Z", "groups": [], "user_permissions": []}}, {"model": "auth.user", "pk": 8, "fields": {"password": "pbkdf2_sha256$150000$s5FdYdWUG8lj$doi4N803xNgPhsZDMvZee+Ma8fxPduPOwtg87C4gKMA=", "last_login": "2019-11-16T09:58:05.218Z", "is_superuser": false, "username": "new_user", "first_name": "My", "last_name": "Le", "email": "lethitramy@gmail.com", "is_staff": false, "is_active": true, "date_joined": "2019-11-16T09:58:04.950Z", "groups": [], "user_permissions": []}}, {"model": "auth.user", "pk": 9, "fields": {"password": "pbkdf2_sha256$150000$utpB1wvP23QH$ro2JPAV3RX88T/MqMukzXVHV8N1lBRYthA6PY4zH8Gc=", "last_login": "2019-11-16T10:03:02.698Z", "is_superuser": false, "username": "new_user2", "first_name": "Le", "last_name": "My", "email": "lethitramy27@gmail.com", "is_staff": false, "is_active": true, "date_joined": "2019-11-16T10:03:02.440Z", "groups": [], "user_permissions": []}}, {"model": "sessions.session", "pk": "2x820t90vrnywtb3y9kahux04fzndclt", "fields": {"session_data": "YzQwOTc4NjkyMWNlYzJmYjFmNDM5OTdlN2I1MDM2YmQ0ODgyNzhiZTp7Il9hdXRoX3VzZXJfaWQiOiI5IiwiX2F1dGhfdXNlcl9iYWNrZW5kIjoiZGphbmdvLmNvbnRyaWIuYXV0aC5iYWNrZW5kcy5Nb2RlbEJhY2tlbmQiLCJfYXV0aF91c2VyX2hhc2giOiI0MTkyZGMwMGQxZWJmODQ5OTczN2VlOTQ1NmVlM2MxOTljYzExNjMxIn0=", "expire_date": "2019-11-30T10:03:02.702Z"}}, {"model": "sessions.session", "pk": "3s309po70e0hiwiiph568kv42jtefh3f", "fields": {"session_data": "NWJkZTQzYTM1ZTRjZTM2ZTNlYjJlYjllMDA5Y2M2ZjVkOThiNTEyNTp7Il9hdXRoX3VzZXJfaWQiOiIxIiwiX2F1dGhfdXNlcl9iYWNrZW5kIjoiZGphbmdvLmNvbnRyaWIuYXV0aC5iYWNrZW5kcy5Nb2RlbEJhY2tlbmQiLCJfYXV0aF91c2VyX2hhc2giOiI0ZDNkMzQ3MzQ3YTkyOTlmOTEzYmFhNjJkMTZjYzdlNGY4NTI5ZDExIn0=", "expire_date": "2019-11-29T10:58:13.986Z"}}, {"model": "sessions.session", "pk": "fpi58npe8y6kwgb4ruz1323l8m8t2l2n", "fields": {"session_data": "NDFjMzVhYjNhMmE2MmQ3OTY2MDFjNjQyMzUwNGU1ZmY2MjYyMGY5Mzp7Il9hdXRoX3VzZXJfaWQiOiIxIiwiX2F1dGhfdXNlcl9iYWNrZW5kIjoiZGphbmdvLmNvbnRyaWIuYXV0aC5iYWNrZW5kcy5Nb2RlbEJhY2tlbmQiLCJfYXV0aF91c2VyX2hhc2giOiI0NjEyYjM1ZWU0NTgxOWFlNjk4MzU1ZDllNDQxMWZiYjc2ZTI2NmZjIn0=", "expire_date": "2019-11-30T08:52:08.958Z"}}, {"model": "admin.logentry", "pk": 1, "fields": {"action_time": "2019-10-30T16:10:06.207Z", "user": 1, "content_type": 7, "object_id": "1", "object_repr": "Size object (1)", "action_flag": 1, "change_message": "[{\"added\": {}}]"}}, {"model": "admin.logentry", "pk": 2, "fields": {"action_time": "2019-10-30T16:10:10.598Z", "user": 1, "content_type": 7, "object_id": "2", "object_repr": "Size object (2)", "action_flag": 1, "change_message": "[{\"added\": {}}]"}}, {"model": "admin.logentry", "pk": 3, "fields": {"action_time": "2019-10-30T16:10:32.282Z", "user": 1, "content_type": 10, "object_id": "1", "object_repr": "ToppingChoice object (1)", "action_flag": 1, "change_message": "[{\"added\": {}}]"}}, {"model": "admin.logentry", "pk": 4, "fields": {"action_time": "2019-10-30T16:10:42.721Z", "user": 1, "content_type": 10, "object_id": "2", "object_repr": "ToppingChoice object (2)", "action_flag": 1, "change_message": "[{\"added\": {}}]"}}, {"model": "admin.logentry", "pk": 5, "fields": {"action_time": "2019-10-30T16:10:47.218Z", "user": 1, "content_type": 10, "object_id": "3", "object_repr": "ToppingChoice object (3)", "action_flag": 1, "change_message": "[{\"added\": {}}]"}}, {"model": "admin.logentry", "pk": 6, "fields": {"action_time": "2019-10-30T16:10:51.942Z", "user": 1, "content_type": 10, "object_id": "4", "object_repr": "ToppingChoice object (4)", "action_flag": 1, "change_message": "[{\"added\": {}}]"}}, {"model": "admin.logentry", "pk": 7, "fields": {"action_time": "2019-10-30T16:10:56.655Z", "user": 1, "content_type": 10, "object_id": "5", "object_repr": "ToppingChoice object (5)", "action_flag": 1, "change_message": "[{\"added\": {}}]"}}, {"model": "admin.logentry", "pk": 8, "fields": {"action_time": "2019-10-30T16:11:02.978Z", "user": 1, "content_type": 10, "object_id": "6", "object_repr": "ToppingChoice object (6)", "action_flag": 1, "change_message": "[{\"added\": {}}]"}}, {"model": "admin.logentry", "pk": 9, "fields": {"action_time": "2019-10-30T16:11:32.522Z", "user": 1, "content_type": 10, "object_id": "6", "object_repr": "ToppingChoice object (6)", "action_flag": 3, "change_message": ""}}, {"model": "admin.logentry", "pk": 10, "fields": {"action_time": "2019-10-30T16:12:03.773Z", "user": 1, "content_type": 11, "object_id": "1", "object_repr": "Toppings object (1)", "action_flag": 1, "change_message": "[{\"added\": {}}]"}}, {"model": "admin.logentry", "pk": 11, "fields": {"action_time": "2019-10-30T16:12:09.407Z", "user": 1, "content_type": 11, "object_id": "2", "object_repr": "Toppings object (2)", "action_flag": 1, "change_message": "[{\"added\": {}}]"}}, {"model": "admin.logentry", "pk": 12, "fields": {"action_time": "2019-10-30T16:12:14.514Z", "user": 1, "content_type": 11, "object_id": "3", "object_repr": "Toppings object (3)", "action_flag": 1, "change_message": "[{\"added\": {}}]"}}, {"model": "admin.logentry", "pk": 13, "fields": {"action_time": "2019-10-30T16:12:23.292Z", "user": 1, "content_type": 11, "object_id": "4", "object_repr": "Toppings object (4)", "action_flag": 1, "change_message": "[{\"added\": {}}]"}}, {"model": "admin.logentry", "pk": 14, "fields": {"action_time": "2019-10-30T16:12:27.153Z", "user": 1, "content_type": 11, "object_id": "5", "object_repr": "Toppings object (5)", "action_flag": 1, "change_message": "[{\"added\": {}}]"}}, {"model": "admin.logentry", "pk": 15, "fields": {"action_time": "2019-10-30T16:12:33.669Z", "user": 1, "content_type": 11, "object_id": "6", "object_repr": "Toppings object (6)", "action_flag": 1, "change_message": "[{\"added\": {}}]"}}, {"model": "admin.logentry", "pk": 16, "fields": {"action_time": "2019-10-30T16:12:53.033Z", "user": 1, "content_type": 11, "object_id": "7", "object_repr": "Toppings object (7)", "action_flag": 1, "change_message": "[{\"added\": {}}]"}}, {"model": "admin.logentry", "pk": 17, "fields": {"action_time": "2019-10-30T16:12:58.626Z", "user": 1, "content_type": 11, "object_id": "8", "object_repr": "Toppings object (8)", "action_flag": 1, "change_message": "[{\"added\": {}}]"}}, {"model": "admin.logentry", "pk": 18, "fields": {"action_time": "2019-10-30T16:13:09.517Z", "user": 1, "content_type": 11, "object_id": "9", "object_repr": "Toppings object (9)", "action_flag": 1, "change_message": "[{\"added\": {}}]"}}, {"model": "admin.logentry", "pk": 19, "fields": {"action_time": "2019-10-30T16:13:18.074Z", "user": 1, "content_type": 11, "object_id": "10", "object_repr": "Toppings object (10)", "action_flag": 1, "change_message": "[{\"added\": {}}]"}}, {"model": "admin.logentry", "pk": 20, "fields": {"action_time": "2019-10-30T16:13:23.249Z", "user": 1, "content_type": 11, "object_id": "11", "object_repr": "Toppings object (11)", "action_flag": 1, "change_message": "[{\"added\": {}}]"}}, {"model": "admin.logentry", "pk": 21, "fields": {"action_time": "2019-10-30T16:13:30.877Z", "user": 1, "content_type": 11, "object_id": "12", "object_repr": "Toppings object (12)", "action_flag": 1, "change_message": "[{\"added\": {}}]"}}, {"model": "admin.logentry", "pk": 22, "fields": {"action_time": "2019-10-30T16:13:36.009Z", "user": 1, "content_type": 11, "object_id": "13", "object_repr": "Toppings object (13)", "action_flag": 1, "change_message": "[{\"added\": {}}]"}}, {"model": "admin.logentry", "pk": 23, "fields": {"action_time": "2019-10-30T16:17:38.677Z", "user": 1, "content_type": 11, "object_id": "14", "object_repr": "Toppings object (14)", "action_flag": 1, "change_message": "[{\"added\": {}}]"}}, {"model": "admin.logentry", "pk": 24, "fields": {"action_time": "2019-10-30T16:17:49.920Z", "user": 1, "content_type": 11, "object_id": "15", "object_repr": "Toppings object (15)", "action_flag": 1, "change_message": "[{\"added\": {}}]"}}, {"model": "admin.logentry", "pk": 25, "fields": {"action_time": "2019-10-30T16:17:55.732Z", "user": 1, "content_type": 11, "object_id": "16", "object_repr": "Toppings object (16)", "action_flag": 1, "change_message": "[{\"added\": {}}]"}}, {"model": "admin.logentry", "pk": 26, "fields": {"action_time": "2019-10-30T16:18:01.766Z", "user": 1, "content_type": 11, "object_id": "17", "object_repr": "Toppings object (17)", "action_flag": 1, "change_message": "[{\"added\": {}}]"}}, {"model": "admin.logentry", "pk": 27, "fields": {"action_time": "2019-10-30T16:18:10.119Z", "user": 1, "content_type": 11, "object_id": "18", "object_repr": "Toppings object (18)", "action_flag": 1, "change_message": "[{\"added\": {}}]"}}, {"model": "admin.logentry", "pk": 28, "fields": {"action_time": "2019-10-30T16:18:16.826Z", "user": 1, "content_type": 11, "object_id": "19", "object_repr": "Toppings object (19)", "action_flag": 1, "change_message": "[{\"added\": {}}]"}}, {"model": "admin.logentry", "pk": 29, "fields": {"action_time": "2019-10-30T16:20:57.538Z", "user": 1, "content_type": 9, "object_id": "1", "object_repr": "SubType object (1)", "action_flag": 1, "change_message": "[{\"added\": {}}]"}}, {"model": "admin.logentry", "pk": 30, "fields": {"action_time": "2019-10-30T16:21:02.633Z", "user": 1, "content_type": 9, "object_id": "2", "object_repr": "SubType object (2)", "action_flag": 1, "change_message": "[{\"added\": {}}]"}}, {"model": "admin.logentry", "pk": 31, "fields": {"action_time": "2019-10-30T16:21:10.717Z", "user": 1, "content_type": 9, "object_id": "3", "object_repr": "SubType object (3)", "action_flag": 1, "change_message": "[{\"added\": {}}]"}}, {"model": "admin.logentry", "pk": 32, "fields": {"action_time": "2019-10-30T16:21:16.328Z", "user": 1, "content_type": 9, "object_id": "4", "object_repr": "SubType object (4)", "action_flag": 1, "change_message": "[{\"added\": {}}]"}}, {"model": "admin.logentry", "pk": 33, "fields": {"action_time": "2019-10-30T16:21:19.006Z", "user": 1, "content_type": 9, "object_id": "5", "object_repr": "SubType object (5)", "action_flag": 1, "change_message": "[{\"added\": {}}]"}}, {"model": "admin.logentry", "pk": 34, "fields": {"action_time": "2019-10-30T16:21:23.120Z", "user": 1, "content_type": 9, "object_id": "6", "object_repr": "SubType object (6)", "action_flag": 1, "change_message": "[{\"added\": {}}]"}}, {"model": "admin.logentry", "pk": 35, "fields": {"action_time": "2019-10-30T16:21:37.188Z", "user": 1, "content_type": 9, "object_id": "7", "object_repr": "SubType object (7)", "action_flag": 1, "change_message": "[{\"added\": {}}]"}}, {"model": "admin.logentry", "pk": 36, "fields": {"action_time": "2019-10-30T16:21:51.220Z", "user": 1, "content_type": 9, "object_id": "8", "object_repr": "SubType object (8)", "action_flag": 1, "change_message": "[{\"added\": {}}]"}}, {"model": "admin.logentry", "pk": 37, "fields": {"action_time": "2019-10-30T16:21:55.612Z", "user": 1, "content_type": 9, "object_id": "9", "object_repr": "SubType object (9)", "action_flag": 1, "change_message": "[{\"added\": {}}]"}}, {"model": "admin.logentry", "pk": 38, "fields": {"action_time": "2019-10-30T16:22:07.189Z", "user": 1, "content_type": 9, "object_id": "10", "object_repr": "SubType object (10)", "action_flag": 1, "change_message": "[{\"added\": {}}]"}}, {"model": "admin.logentry", "pk": 39, "fields": {"action_time": "2019-10-30T16:22:52.631Z", "user": 1, "content_type": 9, "object_id": "11", "object_repr": "SubType object (11)", "action_flag": 1, "change_message": "[{\"added\": {}}]"}}, {"model": "admin.logentry", "pk": 40, "fields": {"action_time": "2019-10-30T16:22:58.633Z", "user": 1, "content_type": 9, "object_id": "12", "object_repr": "SubType object (12)", "action_flag": 1, "change_message": "[{\"added\": {}}]"}}, {"model": "admin.logentry", "pk": 41, "fields": {"action_time": "2019-10-30T16:23:04.321Z", "user": 1, "content_type": 9, "object_id": "13", "object_repr": "SubType object (13)", "action_flag": 1, "change_message": "[{\"added\": {}}]"}}, {"model": "admin.logentry", "pk": 42, "fields": {"action_time": "2019-10-30T16:23:12.902Z", "user": 1, "content_type": 9, "object_id": "14", "object_repr": "SubType object (14)", "action_flag": 1, "change_message": "[{\"added\": {}}]"}}, {"model": "admin.logentry", "pk": 43, "fields": {"action_time": "2019-10-30T16:23:16.739Z", "user": 1, "content_type": 9, "object_id": "15", "object_repr": "SubType object (15)", "action_flag": 1, "change_message": "[{\"added\": {}}]"}}, {"model": "admin.logentry", "pk": 44, "fields": {"action_time": "2019-10-30T16:28:19.659Z", "user": 1, "content_type": 7, "object_id": "2", "object_repr": "Size object (2)", "action_flag": 2, "change_message": "[]"}}, {"model": "admin.logentry", "pk": 45, "fields": {"action_time": "2019-10-30T16:49:48.886Z", "user": 1, "content_type": 11, "object_id": "20", "object_repr": "Cheese", "action_flag": 1, "change_message": "[{\"added\": {}}]"}}, {"model": "admin.logentry", "pk": 46, "fields": {"action_time": "2019-10-30T16:50:14.485Z", "user": 1, "content_type": 11, "object_id": "3", "object_repr": "Mushrooms", "action_flag": 2, "change_message": "[]"}}, {"model": "admin.logentry", "pk": 47, "fields": {"action_time": "2019-10-30T16:57:40.330Z", "user": 1, "content_type": 11, "object_id": "13", "object_repr": "Artichoke", "action_flag": 2, "change_message": "[{\"changed\": {\"fields\": [\"subs_extra\", \"steak_subs_extra\"]}}]"}}, {"model": "admin.logentry", "pk": 48, "fields": {"action_time": "2019-10-30T16:57:54.191Z", "user": 1, "content_type": 11, "object_id": "13", "object_repr": "Artichoke", "action_flag": 2, "change_message": "[{\"changed\": {\"fields\": [\"subs_extra\"]}}]"}}, {"model": "admin.logentry", "pk": 49, "fields": {"action_time": "2019-10-30T17:05:54.116Z", "user": 1, "content_type": 11, "object_id": "18", "object_repr": "Fresh Garlic", "action_flag": 2, "change_message": "[]"}}, {"model": "admin.logentry", "pk": 50, "fields": {"action_time": "2019-10-30T17:06:00.018Z", "user": 1, "content_type": 11, "object_id": "21", "object_repr": "djfkaj", "action_flag": 1, "change_message": "[{\"added\": {}}]"}}, {"model": "admin.logentry", "pk": 51, "fields": {"action_time": "2019-10-30T17:06:15.838Z", "user": 1, "content_type": 11, "object_id": "21", "object_repr": "djfkaj", "action_flag": 3, "change_message": ""}}, {"model": "admin.logentry", "pk": 52, "fields": {"action_time": "2019-10-30T17:08:30.156Z", "user": 1, "content_type": 11, "object_id": "12", "object_repr": "Spinach", "action_flag": 2, "change_message": "[]"}}, {"model": "admin.logentry", "pk": 53, "fields": {"action_time": "2019-10-30T17:09:32.349Z", "user": 1, "content_type": 11, "object_id": "19", "object_repr": "Zucchini", "action_flag": 2, "change_message": "[{\"changed\": {\"fields\": [\"steak_subs_extra\"]}}]"}}, {"model": "admin.logentry", "pk": 54, "fields": {"action_time": "2019-10-30T17:09:37.151Z", "user": 1, "content_type": 11, "object_id": "19", "object_repr": "Zucchini", "action_flag": 2, "change_message": "[]"}}, {"model": "admin.logentry", "pk": 55, "fields": {"action_time": "2019-10-30T17:09:48.749Z", "user": 1, "content_type": 11, "object_id": "18", "object_repr": "Fresh Garlic", "action_flag": 2, "change_message": "[{\"changed\": {\"fields\": [\"steak_subs_extra\"]}}]"}}, {"model": "admin.logentry", "pk": 56, "fields": {"action_time": "2019-10-30T17:09:53.365Z", "user": 1, "content_type": 11, "object_id": "17", "object_repr": "Black Olives", "action_flag": 2, "change_message": "[{\"changed\": {\"fields\": [\"steak_subs_extra\"]}}]"}}, {"model": "admin.logentry", "pk": 57, "fields": {"action_time": "2019-10-30T17:09:58.182Z", "user": 1, "content_type": 11, "object_id": "16", "object_repr": "Anchovies", "action_flag": 2, "change_message": "[{\"changed\": {\"fields\": [\"steak_subs_extra\"]}}]"}}, {"model": "admin.logentry", "pk": 58, "fields": {"action_time": "2019-10-30T17:10:02.918Z", "user": 1, "content_type": 11, "object_id": "15", "object_repr": "Barbecue Chicken", "action_flag": 2, "change_message": "[{\"changed\": {\"fields\": [\"steak_subs_extra\"]}}]"}}, {"model": "admin.logentry", "pk": 59, "fields": {"action_time": "2019-10-30T17:10:18.461Z", "user": 1, "content_type": 11, "object_id": "14", "object_repr": "Buffalo Chicken", "action_flag": 2, "change_message": "[{\"changed\": {\"fields\": [\"steak_subs_extra\"]}}]"}}, {"model": "admin.logentry", "pk": 60, "fields": {"action_time": "2019-10-30T17:10:27.822Z", "user": 1, "content_type": 11, "object_id": "12", "object_repr": "Spinach", "action_flag": 2, "change_message": "[{\"changed\": {\"fields\": [\"steak_subs_extra\"]}}]"}}, {"model": "admin.logentry", "pk": 61, "fields": {"action_time": "2019-10-30T17:10:36.921Z", "user": 1, "content_type": 11, "object_id": "11", "object_repr": "Hamburger", "action_flag": 2, "change_message": "[{\"changed\": {\"fields\": [\"steak_subs_extra\"]}}]"}}, {"model": "admin.logentry", "pk": 62, "fields": {"action_time": "2019-10-30T17:10:48.536Z", "user": 1, "content_type": 11, "object_id": "9", "object_repr": "Tomato & Basil", "action_flag": 2, "change_message": "[{\"changed\": {\"fields\": [\"steak_subs_extra\"]}}]"}}, {"model": "admin.logentry", "pk": 63, "fields": {"action_time": "2019-10-30T17:10:54.384Z", "user": 1, "content_type": 11, "object_id": "8", "object_repr": "Eggplant", "action_flag": 2, "change_message": "[{\"changed\": {\"fields\": [\"steak_subs_extra\"]}}]"}}, {"model": "admin.logentry", "pk": 64, "fields": {"action_time": "2019-10-30T17:11:04.052Z", "user": 1, "content_type": 11, "object_id": "7", "object_repr": "Pineapple", "action_flag": 2, "change_message": "[{\"changed\": {\"fields\": [\"steak_subs_extra\"]}}]"}}, {"model": "admin.logentry", "pk": 65, "fields": {"action_time": "2019-10-30T17:11:12.232Z", "user": 1, "content_type": 11, "object_id": "6", "object_repr": "Canadian Bacon", "action_flag": 2, "change_message": "[{\"changed\": {\"fields\": [\"steak_subs_extra\"]}}]"}}, {"model": "admin.logentry", "pk": 66, "fields": {"action_time": "2019-10-30T17:11:18.493Z", "user": 1, "content_type": 11, "object_id": "5", "object_repr": "Ham", "action_flag": 2, "change_message": "[{\"changed\": {\"fields\": [\"steak_subs_extra\"]}}]"}}, {"model": "admin.logentry", "pk": 67, "fields": {"action_time": "2019-10-30T17:11:24.288Z", "user": 1, "content_type": 11, "object_id": "2", "object_repr": "Sausage", "action_flag": 2, "change_message": "[{\"changed\": {\"fields\": [\"steak_subs_extra\"]}}]"}}, {"model": "admin.logentry", "pk": 68, "fields": {"action_time": "2019-10-30T17:11:29.499Z", "user": 1, "content_type": 11, "object_id": "1", "object_repr": "Pepperoni", "action_flag": 2, "change_message": "[{\"changed\": {\"fields\": [\"steak_subs_extra\"]}}]"}}, {"model": "admin.logentry", "pk": 69, "fields": {"action_time": "2019-10-30T17:12:21.350Z", "user": 1, "content_type": 6, "object_id": "1", "object_repr": "Regular", "action_flag": 1, "change_message": "[{\"added\": {}}]"}}, {"model": "admin.logentry", "pk": 70, "fields": {"action_time": "2019-10-30T17:12:25.832Z", "user": 1, "content_type": 6, "object_id": "2", "object_repr": "Sicilian", "action_flag": 1, "change_message": "[{\"added\": {}}]"}}, {"model": "admin.logentry", "pk": 71, "fields": {"action_time": "2019-10-30T17:15:14.301Z", "user": 1, "content_type": 3, "object_id": "1", "object_repr": "OrderPizza object (1)", "action_flag": 1, "change_message": "[{\"added\": {}}]"}}, {"model": "admin.logentry", "pk": 72, "fields": {"action_time": "2019-10-30T17:15:41.906Z", "user": 1, "content_type": 3, "object_id": "2", "object_repr": "OrderPizza object (2)", "action_flag": 1, "change_message": "[{\"added\": {}}]"}}, {"model": "admin.logentry", "pk": 73, "fields": {"action_time": "2019-10-30T17:16:07.041Z", "user": 1, "content_type": 3, "object_id": "3", "object_repr": "OrderPizza object (3)", "action_flag": 1, "change_message": "[{\"added\": {}}]"}}, {"model": "admin.logentry", "pk": 74, "fields": {"action_time": "2019-10-30T17:16:23.466Z", "user": 1, "content_type": 3, "object_id": "4", "object_repr": "OrderPizza object (4)", "action_flag": 1, "change_message": "[{\"added\": {}}]"}}, {"model": "admin.logentry", "pk": 75, "fields": {"action_time": "2019-10-30T17:16:36.054Z", "user": 1, "content_type": 3, "object_id": "5", "object_repr": "OrderPizza object (5)", "action_flag": 1, "change_message": "[{\"added\": {}}]"}}, {"model": "admin.logentry", "pk": 76, "fields": {"action_time": "2019-10-30T17:16:54.455Z", "user": 1, "content_type": 3, "object_id": "6", "object_repr": "OrderPizza object (6)", "action_flag": 1, "change_message": "[{\"added\": {}}]"}}, {"model": "admin.logentry", "pk": 77, "fields": {"action_time": "2019-10-30T17:17:13.609Z", "user": 1, "content_type": 3, "object_id": "7", "object_repr": "OrderPizza object (7)", "action_flag": 1, "change_message": "[{\"added\": {}}]"}}, {"model": "admin.logentry", "pk": 78, "fields": {"action_time": "2019-10-30T17:17:27.259Z", "user": 1, "content_type": 3, "object_id": "8", "object_repr": "OrderPizza object (8)", "action_flag": 1, "change_message": "[{\"added\": {}}]"}}, {"model": "admin.logentry", "pk": 79, "fields": {"action_time": "2019-10-30T17:17:42.197Z", "user": 1, "content_type": 3, "object_id": "9", "object_repr": "OrderPizza object (9)", "action_flag": 1, "change_message": "[{\"added\": {}}]"}}, {"model": "admin.logentry", "pk": 80, "fields": {"action_time": "2019-10-30T17:17:56.971Z", "user": 1, "content_type": 3, "object_id": "10", "object_repr": "OrderPizza object (10)", "action_flag": 1, "change_message": "[{\"added\": {}}]"}}, {"model": "admin.logentry", "pk": 81, "fields": {"action_time": "2019-10-30T17:34:09.507Z", "user": 1, "content_type": 9, "object_id": "16", "object_repr": "+ Mushrooms", "action_flag": 1, "change_message": "[{\"added\": {}}]"}}, {"model": "admin.logentry", "pk": 82, "fields": {"action_time": "2019-10-30T17:34:21.087Z", "user": 1, "content_type": 9, "object_id": "17", "object_repr": "+ Green Peppers", "action_flag": 1, "change_message": "[{\"added\": {}}]"}}, {"model": "admin.logentry", "pk": 83, "fields": {"action_time": "2019-10-30T17:34:29.996Z", "user": 1, "content_type": 9, "object_id": "18", "object_repr": "+ Onions", "action_flag": 1, "change_message": "[{\"added\": {}}]"}}, {"model": "admin.logentry", "pk": 84, "fields": {"action_time": "2019-10-30T17:34:50.622Z", "user": 1, "content_type": 9, "object_id": "19", "object_repr": "Extra Cheese", "action_flag": 1, "change_message": "[{\"added\": {}}]"}}, {"model": "admin.logentry", "pk": 85, "fields": {"action_time": "2019-10-31T03:31:01.624Z", "user": 1, "content_type": 3, "object_id": "11", "object_repr": "Small Sicilian, Cheese, at 24.45", "action_flag": 1, "change_message": "[{\"added\": {}}]"}}, {"model": "admin.logentry", "pk": 86, "fields": {"action_time": "2019-10-31T03:31:13.565Z", "user": 1, "content_type": 3, "object_id": "12", "object_repr": "Large Sicilian, Cheese, at 38.7", "action_flag": 1, "change_message": "[{\"added\": {}}]"}}, {"model": "admin.logentry", "pk": 87, "fields": {"action_time": "2019-10-31T03:31:32.172Z", "user": 1, "content_type": 3, "object_id": "13", "object_repr": "Small Sicilian, 1 topping, at 26.45", "action_flag": 1, "change_message": "[{\"added\": {}}]"}}, {"model": "admin.logentry", "pk": 88, "fields": {"action_time": "2019-10-31T03:31:46.658Z", "user": 1, "content_type": 3, "object_id": "14", "object_repr": "Large Sicilian, 1 topping, at 40.7", "action_flag": 1, "change_message": "[{\"added\": {}}]"}}, {"model": "admin.logentry", "pk": 89, "fields": {"action_time": "2019-10-31T03:32:01.050Z", "user": 1, "content_type": 3, "object_id": "15", "object_repr": "Small Sicilian, 2 toppings, at 28.45", "action_flag": 1, "change_message": "[{\"added\": {}}]"}}, {"model": "admin.logentry", "pk": 90, "fields": {"action_time": "2019-10-31T03:32:18.542Z", "user": 1, "content_type": 3, "object_id": "16", "object_repr": "Large Sicilian, 2 toppings, at 42.7", "action_flag": 1, "change_message": "[{\"added\": {}}]"}}, {"model": "admin.logentry", "pk": 91, "fields": {"action_time": "2019-10-31T03:32:32.805Z", "user": 1, "content_type": 3, "object_id": "17", "object_repr": "Small Sicilian, 3 toppings, at 29.45", "action_flag": 1, "change_message": "[{\"added\": {}}]"}}, {"model": "admin.logentry", "pk": 92, "fields": {"action_time": "2019-10-31T03:32:44.859Z", "user": 1, "content_type": 3, "object_id": "18", "object_repr": "Large Sicilian, 3 toppings, at 44.7", "action_flag": 1, "change_message": "[{\"added\": {}}]"}}, {"model": "admin.logentry", "pk": 93, "fields": {"action_time": "2019-10-31T03:32:58.652Z", "user": 1, "content_type": 3, "object_id": "19", "object_repr": "Small Sicilian, Special, at 30.45", "action_flag": 1, "change_message": "[{\"added\": {}}]"}}, {"model": "admin.logentry", "pk": 94, "fields": {"action_time": "2019-10-31T03:33:18.568Z", "user": 1, "content_type": 3, "object_id": "20", "object_repr": "Large Sicilian, Special, at 45.7", "action_flag": 1, "change_message": "[{\"added\": {}}]"}}, {"model": "admin.logentry", "pk": 95, "fields": {"action_time": "2019-10-31T03:34:02.930Z", "user": 1, "content_type": 18, "object_id": "1", "object_repr": "Small Cheese at 6.5", "action_flag": 1, "change_message": "[{\"added\": {}}]"}}, {"model": "admin.logentry", "pk": 96, "fields": {"action_time": "2019-10-31T03:34:11.817Z", "user": 1, "content_type": 18, "object_id": "2", "object_repr": "Large Cheese at 7.95", "action_flag": 1, "change_message": "[{\"added\": {}}]"}}, {"model": "admin.logentry", "pk": 97, "fields": {"action_time": "2019-10-31T03:34:20.802Z", "user": 1, "content_type": 18, "object_id": "3", "object_repr": "Small Italian at 6.5", "action_flag": 1, "change_message": "[{\"added\": {}}]"}}, {"model": "admin.logentry", "pk": 98, "fields": {"action_time": "2019-10-31T03:34:51.903Z", "user": 1, "content_type": 18, "object_id": "4", "object_repr": "Large Italian at 7.95", "action_flag": 1, "change_message": "[{\"added\": {}}]"}}, {"model": "admin.logentry", "pk": 99, "fields": {"action_time": "2019-10-31T03:34:51.920Z", "user": 1, "content_type": 18, "object_id": "5", "object_repr": "Large Italian at 7.95", "action_flag": 1, "change_message": "[{\"added\": {}}]"}}, {"model": "admin.logentry", "pk": 100, "fields": {"action_time": "2019-10-31T03:35:00.143Z", "user": 1, "content_type": 18, "object_id": "6", "object_repr": "Large Ham + Cheese at 7.95", "action_flag": 1, "change_message": "[{\"added\": {}}]"}}, {"model": "admin.logentry", "pk": 101, "fields": {"action_time": "2019-10-31T03:35:09.031Z", "user": 1, "content_type": 18, "object_id": "7", "object_repr": "Large Meatball at 7.95", "action_flag": 1, "change_message": "[{\"added\": {}}]"}}, {"model": "admin.logentry", "pk": 102, "fields": {"action_time": "2019-10-31T03:35:15.532Z", "user": 1, "content_type": 18, "object_id": "8", "object_repr": "Large Tuna at 7.95", "action_flag": 1, "change_message": "[{\"added\": {}}]"}}, {"model": "admin.logentry", "pk": 103, "fields": {"action_time": "2019-10-31T03:35:33.034Z", "user": 1, "content_type": 18, "object_id": "9", "object_repr": "Large Turkey at 8.5", "action_flag": 1, "change_message": "[{\"added\": {}}]"}}, {"model": "admin.logentry", "pk": 104, "fields": {"action_time": "2019-10-31T03:35:42.601Z", "user": 1, "content_type": 18, "object_id": "10", "object_repr": "Large Chicken Parmigiana at 8.5", "action_flag": 1, "change_message": "[{\"added\": {}}]"}}, {"model": "admin.logentry", "pk": 105, "fields": {"action_time": "2019-10-31T03:35:49.283Z", "user": 1, "content_type": 18, "object_id": "11", "object_repr": "Large Eggplant Parmigiana at 7.95", "action_flag": 1, "change_message": "[{\"added\": {}}]"}}, {"model": "admin.logentry", "pk": 106, "fields": {"action_time": "2019-10-31T03:35:57.343Z", "user": 1, "content_type": 18, "object_id": "12", "object_repr": "Large Steak at 7.95", "action_flag": 1, "change_message": "[{\"added\": {}}]"}}, {"model": "admin.logentry", "pk": 107, "fields": {"action_time": "2019-10-31T03:36:24.367Z", "user": 1, "content_type": 18, "object_id": "13", "object_repr": "Large Steak + Cheese at 8.5", "action_flag": 1, "change_message": "[{\"added\": {}}]"}}, {"model": "admin.logentry", "pk": 108, "fields": {"action_time": "2019-10-31T03:37:01.782Z", "user": 1, "content_type": 18, "object_id": "14", "object_repr": "Large Sausage, Peppers & Onions at 8.5", "action_flag": 1, "change_message": "[{\"added\": {}}]"}}, {"model": "admin.logentry", "pk": 109, "fields": {"action_time": "2019-10-31T03:37:18.499Z", "user": 1, "content_type": 18, "object_id": "15", "object_repr": "Large Hamburger at 6.95", "action_flag": 1, "change_message": "[{\"added\": {}}]"}}, {"model": "admin.logentry", "pk": 110, "fields": {"action_time": "2019-10-31T03:37:45.443Z", "user": 1, "content_type": 18, "object_id": "16", "object_repr": "Large Cheeseburger at 7.45", "action_flag": 1, "change_message": "[{\"added\": {}}]"}}, {"model": "admin.logentry", "pk": 111, "fields": {"action_time": "2019-10-31T03:37:55.224Z", "user": 1, "content_type": 18, "object_id": "17", "object_repr": "Large Fried Chicken at 8.5", "action_flag": 1, "change_message": "[{\"added\": {}}]"}}, {"model": "admin.logentry", "pk": 112, "fields": {"action_time": "2019-10-31T03:38:03.229Z", "user": 1, "content_type": 18, "object_id": "18", "object_repr": "Large Veggie at 8.5", "action_flag": 1, "change_message": "[{\"added\": {}}]"}}, {"model": "admin.logentry", "pk": 113, "fields": {"action_time": "2019-10-31T03:38:49.330Z", "user": 1, "content_type": 18, "object_id": "19", "object_repr": "Large Ham + Cheese at 6.5", "action_flag": 1, "change_message": "[{\"added\": {}}]"}}, {"model": "admin.logentry", "pk": 114, "fields": {"action_time": "2019-10-31T03:39:02.451Z", "user": 1, "content_type": 18, "object_id": "19", "object_repr": "Small Ham + Cheese at 6.5", "action_flag": 2, "change_message": "[{\"changed\": {\"fields\": [\"size\"]}}]"}}, {"model": "admin.logentry", "pk": 115, "fields": {"action_time": "2019-10-31T03:39:14.379Z", "user": 1, "content_type": 18, "object_id": "20", "object_repr": "Small Meatball at 6.5", "action_flag": 1, "change_message": "[{\"added\": {}}]"}}, {"model": "admin.logentry", "pk": 116, "fields": {"action_time": "2019-10-31T03:39:20.738Z", "user": 1, "content_type": 18, "object_id": "21", "object_repr": "Small Tuna at 6.5", "action_flag": 1, "change_message": "[{\"added\": {}}]"}}, {"model": "admin.logentry", "pk": 117, "fields": {"action_time": "2019-10-31T03:39:28.828Z", "user": 1, "content_type": 18, "object_id": "22", "object_repr": "Small Turkey at 7.5", "action_flag": 1, "change_message": "[{\"added\": {}}]"}}, {"model": "admin.logentry", "pk": 118, "fields": {"action_time": "2019-10-31T03:39:36.447Z", "user": 1, "content_type": 18, "object_id": "23", "object_repr": "Small Chicken Parmigiana at 6.5", "action_flag": 1, "change_message": "[{\"added\": {}}]"}}, {"model": "admin.logentry", "pk": 119, "fields": {"action_time": "2019-10-31T03:40:48.325Z", "user": 1, "content_type": 18, "object_id": "23", "object_repr": "Small Chicken Parmigiana at 7.5", "action_flag": 2, "change_message": "[{\"changed\": {\"fields\": [\"price\"]}}]"}}, {"model": "admin.logentry", "pk": 120, "fields": {"action_time": "2019-10-31T03:40:59.198Z", "user": 1, "content_type": 18, "object_id": "24", "object_repr": "Small Eggplant Parmigiana at 6.5", "action_flag": 1, "change_message": "[{\"added\": {}}]"}}, {"model": "admin.logentry", "pk": 121, "fields": {"action_time": "2019-10-31T03:41:19.484Z", "user": 1, "content_type": 18, "object_id": "25", "object_repr": "Small Steak at 6.5", "action_flag": 1, "change_message": "[{\"added\": {}}]"}}, {"model": "admin.logentry", "pk": 122, "fields": {"action_time": "2019-10-31T03:41:31.362Z", "user": 1, "content_type": 18, "object_id": "26", "object_repr": "Small Steak + Cheese at 6.95", "action_flag": 1, "change_message": "[{\"added\": {}}]"}}, {"model": "admin.logentry", "pk": 123, "fields": {"action_time": "2019-10-31T03:41:53.896Z", "user": 1, "content_type": 18, "object_id": "27", "object_repr": "Small Hamburger at 4.6", "action_flag": 1, "change_message": "[{\"added\": {}}]"}}, {"model": "admin.logentry", "pk": 124, "fields": {"action_time": "2019-10-31T03:42:13.961Z", "user": 1, "content_type": 18, "object_id": "28", "object_repr": "Small Cheeseburger at 5.1", "action_flag": 1, "change_message": "[{\"added\": {}}]"}}, {"model": "admin.logentry", "pk": 125, "fields": {"action_time": "2019-10-31T03:42:25.712Z", "user": 1, "content_type": 18, "object_id": "29", "object_repr": "Small Fried Chicken at 6.95", "action_flag": 1, "change_message": "[{\"added\": {}}]"}}, {"model": "admin.logentry", "pk": 126, "fields": {"action_time": "2019-10-31T03:42:34.755Z", "user": 1, "content_type": 18, "object_id": "30", "object_repr": "Small Veggie at 6.95", "action_flag": 1, "change_message": "[{\"added\": {}}]"}}, {"model": "admin.logentry", "pk": 127, "fields": {"action_time": "2019-10-31T03:42:56.339Z", "user": 1, "content_type": 18, "object_id": "31", "object_repr": "Small + Mushrooms at 0.5", "action_flag": 1, "change_message": "[{\"added\": {}}]"}}, {"model": "admin.logentry", "pk": 128, "fields": {"action_time": "2019-10-31T03:43:03.104Z", "user": 1, "content_type": 18, "object_id": "32", "object_repr": "Large + Mushrooms at 0.5", "action_flag": 1, "change_message": "[{\"added\": {}}]"}}, {"model": "admin.logentry", "pk": 129, "fields": {"action_time": "2019-10-31T03:43:09.284Z", "user": 1, "content_type": 18, "object_id": "33", "object_repr": "Large + Green Peppers at 0.5", "action_flag": 1, "change_message": "[{\"added\": {}}]"}}, {"model": "admin.logentry", "pk": 130, "fields": {"action_time": "2019-10-31T03:43:16.927Z", "user": 1, "content_type": 18, "object_id": "34", "object_repr": "Small + Green Peppers at 0.5", "action_flag": 1, "change_message": "[{\"added\": {}}]"}}, {"model": "admin.logentry", "pk": 131, "fields": {"action_time": "2019-10-31T03:43:27.580Z", "user": 1, "content_type": 18, "object_id": "35", "object_repr": "Small + Onions at 0.5", "action_flag": 1, "change_message": "[{\"added\": {}}]"}}, {"model": "admin.logentry", "pk": 132, "fields": {"action_time": "2019-10-31T03:43:35.207Z", "user": 1, "content_type": 18, "object_id": "36", "object_repr": "Large + Onions at 0.5", "action_flag": 1, "change_message": "[{\"added\": {}}]"}}, {"model": "admin.logentry", "pk": 133, "fields": {"action_time": "2019-10-31T03:43:41.124Z", "user": 1, "content_type": 18, "object_id": "37", "object_repr": "Small Extra Cheese at 0.5", "action_flag": 1, "change_message": "[{\"added\": {}}]"}}, {"model": "admin.logentry", "pk": 134, "fields": {"action_time": "2019-10-31T03:43:52.300Z", "user": 1, "content_type": 18, "object_id": "38", "object_repr": "Large Extra Cheese at 0.5", "action_flag": 1, "change_message": "[{\"added\": {}}]"}}, {"model": "admin.logentry", "pk": 135, "fields": {"action_time": "2019-10-31T03:44:47.469Z", "user": 1, "content_type": 18, "object_id": "5", "object_repr": "Large Italian at 7.95", "action_flag": 3, "change_message": ""}}, {"model": "admin.logentry", "pk": 136, "fields": {"action_time": "2019-10-31T03:45:31.530Z", "user": 1, "content_type": 2, "object_id": "1", "object_repr": "Baked Ziti w/Mozzarella at 6.5", "action_flag": 1, "change_message": "[{\"added\": {}}]"}}, {"model": "admin.logentry", "pk": 137, "fields": {"action_time": "2019-10-31T03:46:03.082Z", "user": 1, "content_type": 2, "object_id": "2", "object_repr": "Baked Ziti w/Meatballs at 8.75", "action_flag": 1, "change_message": "[{\"added\": {}}]"}}, {"model": "admin.logentry", "pk": 138, "fields": {"action_time": "2019-10-31T03:46:16.508Z", "user": 1, "content_type": 2, "object_id": "3", "object_repr": "\"Baked Ziti w/Chicken at 9.75", "action_flag": 1, "change_message": "[{\"added\": {}}]"}}, {"model": "admin.logentry", "pk": 139, "fields": {"action_time": "2019-10-31T03:46:27.954Z", "user": 1, "content_type": 2, "object_id": "3", "object_repr": "Baked Ziti w/Chicken at 9.75", "action_flag": 2, "change_message": "[{\"changed\": {\"fields\": [\"name\"]}}]"}}, {"model": "admin.logentry", "pk": 140, "fields": {"action_time": "2019-10-31T03:46:47.163Z", "user": 1, "content_type": 4, "object_id": "1", "object_repr": "Garden Salad at 6.25", "action_flag": 1, "change_message": "[{\"added\": {}}]"}}, {"model": "admin.logentry", "pk": 141, "fields": {"action_time": "2019-10-31T03:47:00.316Z", "user": 1, "content_type": 4, "object_id": "2", "object_repr": "Greek Salad at 8.25", "action_flag": 1, "change_message": "[{\"added\": {}}]"}}, {"model": "admin.logentry", "pk": 142, "fields": {"action_time": "2019-10-31T03:47:10.576Z", "user": 1, "content_type": 4, "object_id": "3", "object_repr": "Antipasto at 8.25", "action_flag": 1, "change_message": "[{\"added\": {}}]"}}, {"model": "admin.logentry", "pk": 143, "fields": {"action_time": "2019-10-31T03:47:21.807Z", "user": 1, "content_type": 4, "object_id": "4", "object_repr": "Salad w/Tuna at 8.25", "action_flag": 1, "change_message": "[{\"added\": {}}]"}}, {"model": "admin.logentry", "pk": 144, "fields": {"action_time": "2019-10-31T03:48:55.368Z", "user": 1, "content_type": 1, "object_id": "1", "object_repr": "Garden Salad at 35.0", "action_flag": 1, "change_message": "[{\"added\": {}}]"}}, {"model": "admin.logentry", "pk": 145, "fields": {"action_time": "2019-10-31T03:49:05.124Z", "user": 1, "content_type": 1, "object_id": "2", "object_repr": "Garden Salad at 60.0", "action_flag": 1, "change_message": "[{\"added\": {}}]"}}, {"model": "admin.logentry", "pk": 146, "fields": {"action_time": "2019-10-31T03:49:17.381Z", "user": 1, "content_type": 1, "object_id": "3", "object_repr": "Greek Salad at 45.0", "action_flag": 1, "change_message": "[{\"added\": {}}]"}}, {"model": "admin.logentry", "pk": 147, "fields": {"action_time": "2019-10-31T03:49:25.873Z", "user": 1, "content_type": 1, "object_id": "4", "object_repr": "Greek Salad at 70.0", "action_flag": 1, "change_message": "[{\"added\": {}}]"}}, {"model": "admin.logentry", "pk": 148, "fields": {"action_time": "2019-10-31T03:50:45.034Z", "user": 1, "content_type": 1, "object_id": "5", "object_repr": "Antipasto at 45.0", "action_flag": 1, "change_message": "[{\"added\": {}}]"}}, {"model": "admin.logentry", "pk": 149, "fields": {"action_time": "2019-10-31T03:50:53.756Z", "user": 1, "content_type": 1, "object_id": "6", "object_repr": "Antipasto at 70.0", "action_flag": 1, "change_message": "[{\"added\": {}}]"}}, {"model": "admin.logentry", "pk": 150, "fields": {"action_time": "2019-10-31T03:51:36.092Z", "user": 1, "content_type": 1, "object_id": "7", "object_repr": "Baked Ziti at 35.0", "action_flag": 1, "change_message": "[{\"added\": {}}]"}}, {"model": "admin.logentry", "pk": 151, "fields": {"action_time": "2019-10-31T03:51:44.749Z", "user": 1, "content_type": 1, "object_id": "8", "object_repr": "Baked Ziti at 60.0", "action_flag": 1, "change_message": "[{\"added\": {}}]"}}, {"model": "admin.logentry", "pk": 152, "fields": {"action_time": "2019-10-31T03:51:57.899Z", "user": 1, "content_type": 1, "object_id": "9", "object_repr": "Meatball Parm at 45.0", "action_flag": 1, "change_message": "[{\"added\": {}}]"}}, {"model": "admin.logentry", "pk": 153, "fields": {"action_time": "2019-10-31T03:52:08.713Z", "user": 1, "content_type": 1, "object_id": "10", "object_repr": "Meatball Parm at 70.0", "action_flag": 1, "change_message": "[{\"added\": {}}]"}}, {"model": "admin.logentry", "pk": 154, "fields": {"action_time": "2019-10-31T03:52:24.914Z", "user": 1, "content_type": 1, "object_id": "11", "object_repr": "Chicken Parm at 45.0", "action_flag": 1, "change_message": "[{\"added\": {}}]"}}, {"model": "admin.logentry", "pk": 155, "fields": {"action_time": "2019-10-31T03:52:33.588Z", "user": 1, "content_type": 1, "object_id": "12", "object_repr": "Chicken Parm at 80.0", "action_flag": 1, "change_message": "[{\"added\": {}}]"}}, {"model": "admin.logentry", "pk": 156, "fields": {"action_time": "2019-10-31T05:11:45.478Z", "user": 1, "content_type": 14, "object_id": "1", "object_repr": "Customers", "action_flag": 1, "change_message": "[{\"added\": {}}]"}}, {"model": "admin.logentry", "pk": 157, "fields": {"action_time": "2019-10-31T05:12:33.814Z", "user": 1, "content_type": 15, "object_id": "2", "object_repr": "my", "action_flag": 1, "change_message": "[{\"added\": {}}]"}}, {"model": "admin.logentry", "pk": 158, "fields": {"action_time": "2019-10-31T05:13:53.168Z", "user": 1, "content_type": 15, "object_id": "2", "object_repr": "my", "action_flag": 2, "change_message": "[{\"changed\": {\"fields\": [\"first_name\", \"last_name\", \"email\", \"groups\", \"last_login\"]}}]"}}, {"model": "admin.logentry", "pk": 159, "fields": {"action_time": "2019-10-31T17:16:10.366Z", "user": 1, "content_type": 3, "object_id": "2", "object_repr": "Large Regular, Cheese, at 17.95", "action_flag": 2, "change_message": "[{\"changed\": {\"fields\": [\"topping_choice\"]}}]"}}, {"model": "admin.logentry", "pk": 160, "fields": {"action_time": "2019-11-01T05:46:46.339Z", "user": 1, "content_type": 19, "object_id": "1", "object_repr": "DinnerPlattersType object (1)", "action_flag": 1, "change_message": "[{\"added\": {}}]"}}, {"model": "admin.logentry", "pk": 161, "fields": {"action_time": "2019-11-01T05:46:49.741Z", "user": 1, "content_type": 19, "object_id": "2", "object_repr": "DinnerPlattersType object (2)", "action_flag": 1, "change_message": "[{\"added\": {}}]"}}, {"model": "admin.logentry", "pk": 162, "fields": {"action_time": "2019-11-01T05:46:53.028Z", "user": 1, "content_type": 19, "object_id": "3", "object_repr": "DinnerPlattersType object (3)", "action_flag": 1, "change_message": "[{\"added\": {}}]"}}, {"model": "admin.logentry", "pk": 163, "fields": {"action_time": "2019-11-01T05:47:02.047Z", "user": 1, "content_type": 19, "object_id": "4", "object_repr": "DinnerPlattersType object (4)", "action_flag": 1, "change_message": "[{\"added\": {}}]"}}, {"model": "admin.logentry", "pk": 164, "fields": {"action_time": "2019-11-01T05:47:05.715Z", "user": 1, "content_type": 19, "object_id": "5", "object_repr": "DinnerPlattersType object (5)", "action_flag": 1, "change_message": "[{\"added\": {}}]"}}, {"model": "admin.logentry", "pk": 165, "fields": {"action_time": "2019-11-01T05:47:12.989Z", "user": 1, "content_type": 19, "object_id": "6", "object_repr": "DinnerPlattersType object (6)", "action_flag": 1, "change_message": "[{\"added\": {}}]"}}, {"model": "admin.logentry", "pk": 166, "fields": {"action_time": "2019-11-01T05:58:35.261Z", "user": 1, "content_type": 1, "object_id": "13", "object_repr": "Small Garden Salad at 35.0", "action_flag": 1, "change_message": "[{\"added\": {}}]"}}, {"model": "admin.logentry", "pk": 167, "fields": {"action_time": "2019-11-01T05:58:45.249Z", "user": 1, "content_type": 1, "object_id": "14", "object_repr": "Large Garden Salad at 60.0", "action_flag": 1, "change_message": "[{\"added\": {}}]"}}, {"model": "admin.logentry", "pk": 168, "fields": {"action_time": "2019-11-01T05:58:52.328Z", "user": 1, "content_type": 1, "object_id": "15", "object_repr": "Small Greek Salad at 45.0", "action_flag": 1, "change_message": "[{\"added\": {}}]"}}, {"model": "admin.logentry", "pk": 169, "fields": {"action_time": "2019-11-01T05:59:01.010Z", "user": 1, "content_type": 1, "object_id": "16", "object_repr": "Large Greek Salad at 70.0", "action_flag": 1, "change_message": "[{\"added\": {}}]"}}, {"model": "admin.logentry", "pk": 170, "fields": {"action_time": "2019-11-01T05:59:08.340Z", "user": 1, "content_type": 1, "object_id": "17", "object_repr": "Small Antipasto at 45.0", "action_flag": 1, "change_message": "[{\"added\": {}}]"}}, {"model": "admin.logentry", "pk": 171, "fields": {"action_time": "2019-11-01T05:59:15.377Z", "user": 1, "content_type": 1, "object_id": "18", "object_repr": "Large Antipasto at 70.0", "action_flag": 1, "change_message": "[{\"added\": {}}]"}}, {"model": "admin.logentry", "pk": 172, "fields": {"action_time": "2019-11-01T05:59:21.508Z", "user": 1, "content_type": 1, "object_id": "19", "object_repr": "Small Baked Ziti at 35.0", "action_flag": 1, "change_message": "[{\"added\": {}}]"}}, {"model": "admin.logentry", "pk": 173, "fields": {"action_time": "2019-11-01T05:59:27.207Z", "user": 1, "content_type": 1, "object_id": "20", "object_repr": "Large Baked Ziti at 60.0", "action_flag": 1, "change_message": "[{\"added\": {}}]"}}, {"model": "admin.logentry", "pk": 174, "fields": {"action_time": "2019-11-01T05:59:34.432Z", "user": 1, "content_type": 1, "object_id": "21", "object_repr": "Small Meatball Parm at 45.0", "action_flag": 1, "change_message": "[{\"added\": {}}]"}}, {"model": "admin.logentry", "pk": 175, "fields": {"action_time": "2019-11-01T05:59:40.695Z", "user": 1, "content_type": 1, "object_id": "22", "object_repr": "Large Meatball Parm at 70.0", "action_flag": 1, "change_message": "[{\"added\": {}}]"}}, {"model": "admin.logentry", "pk": 176, "fields": {"action_time": "2019-11-01T05:59:52.633Z", "user": 1, "content_type": 1, "object_id": "23", "object_repr": "Small Chicken Parm at 45.0", "action_flag": 1, "change_message": "[{\"added\": {}}]"}}, {"model": "admin.logentry", "pk": 177, "fields": {"action_time": "2019-11-01T06:00:00.313Z", "user": 1, "content_type": 1, "object_id": "24", "object_repr": "Large Chicken Parm at 80.0", "action_flag": 1, "change_message": "[{\"added\": {}}]"}}, {"model": "admin.logentry", "pk": 178, "fields": {"action_time": "2019-11-03T17:19:04.364Z", "user": 1, "content_type": 3, "object_id": "1", "object_repr": "Regular, Small, Cheese, 12.7", "action_flag": 2, "change_message": "[{\"changed\": {\"fields\": [\"ref\"]}}]"}}, {"model": "admin.logentry", "pk": 179, "fields": {"action_time": "2019-11-03T17:19:27.642Z", "user": 1, "content_type": 3, "object_id": "2", "object_repr": "Regular, Large, Cheese, 17.95", "action_flag": 2, "change_message": "[{\"changed\": {\"fields\": [\"ref\"]}}]"}}, {"model": "admin.logentry", "pk": 180, "fields": {"action_time": "2019-11-03T17:19:40.914Z", "user": 1, "content_type": 3, "object_id": "3", "object_repr": "Regular, Small, 1 topping, 13.7", "action_flag": 2, "change_message": "[{\"changed\": {\"fields\": [\"ref\"]}}]"}}, {"model": "admin.logentry", "pk": 181, "fields": {"action_time": "2019-11-03T17:19:49.328Z", "user": 1, "content_type": 3, "object_id": "4", "object_repr": "Regular, Large, 1 topping, 19.95", "action_flag": 2, "change_message": "[{\"changed\": {\"fields\": [\"ref\"]}}]"}}, {"model": "admin.logentry", "pk": 182, "fields": {"action_time": "2019-11-03T17:19:59.886Z", "user": 1, "content_type": 3, "object_id": "5", "object_repr": "Regular, Small, 2 toppings, 15.2", "action_flag": 2, "change_message": "[{\"changed\": {\"fields\": [\"ref\"]}}]"}}, {"model": "admin.logentry", "pk": 183, "fields": {"action_time": "2019-11-03T17:20:07.545Z", "user": 1, "content_type": 3, "object_id": "6", "object_repr": "Regular, Large, 2 toppings, 21.95", "action_flag": 2, "change_message": "[{\"changed\": {\"fields\": [\"ref\"]}}]"}}, {"model": "admin.logentry", "pk": 184, "fields": {"action_time": "2019-11-03T17:20:16.161Z", "user": 1, "content_type": 3, "object_id": "7", "object_repr": "Regular, Small, 3 toppings, 16.2", "action_flag": 2, "change_message": "[{\"changed\": {\"fields\": [\"ref\"]}}]"}}, {"model": "admin.logentry", "pk": 185, "fields": {"action_time": "2019-11-03T17:20:25.318Z", "user": 1, "content_type": 3, "object_id": "8", "object_repr": "Regular, Large, 3 toppings, 23.95", "action_flag": 2, "change_message": "[{\"changed\": {\"fields\": [\"ref\"]}}]"}}, {"model": "admin.logentry", "pk": 186, "fields": {"action_time": "2019-11-03T17:20:36.029Z", "user": 1, "content_type": 3, "object_id": "9", "object_repr": "Regular, Small, Special, 17.75", "action_flag": 2, "change_message": "[{\"changed\": {\"fields\": [\"ref\"]}}]"}}, {"model": "admin.logentry", "pk": 187, "fields": {"action_time": "2019-11-03T17:20:43.996Z", "user": 1, "content_type": 3, "object_id": "10", "object_repr": "Regular, Large, Special, 25.95", "action_flag": 2, "change_message": "[{\"changed\": {\"fields\": [\"ref\"]}}]"}}, {"model": "admin.logentry", "pk": 188, "fields": {"action_time": "2019-11-03T17:20:59.227Z", "user": 1, "content_type": 3, "object_id": "11", "object_repr": "Sicilian, Small, Cheese, 24.45", "action_flag": 2, "change_message": "[{\"changed\": {\"fields\": [\"ref\"]}}]"}}, {"model": "admin.logentry", "pk": 189, "fields": {"action_time": "2019-11-03T17:21:08.185Z", "user": 1, "content_type": 3, "object_id": "12", "object_repr": "Sicilian, Large, Cheese, 38.7", "action_flag": 2, "change_message": "[{\"changed\": {\"fields\": [\"ref\"]}}]"}}, {"model": "admin.logentry", "pk": 190, "fields": {"action_time": "2019-11-03T17:21:15.754Z", "user": 1, "content_type": 3, "object_id": "13", "object_repr": "Sicilian, Small, 1 topping, 26.45", "action_flag": 2, "change_message": "[{\"changed\": {\"fields\": [\"ref\"]}}]"}}, {"model": "admin.logentry", "pk": 191, "fields": {"action_time": "2019-11-03T17:21:23.041Z", "user": 1, "content_type": 3, "object_id": "14", "object_repr": "Sicilian, Large, 1 topping, 40.7", "action_flag": 2, "change_message": "[{\"changed\": {\"fields\": [\"ref\"]}}]"}}, {"model": "admin.logentry", "pk": 192, "fields": {"action_time": "2019-11-03T17:21:36.582Z", "user": 1, "content_type": 3, "object_id": "15", "object_repr": "Sicilian, Small, 2 toppings, 28.45", "action_flag": 2, "change_message": "[{\"changed\": {\"fields\": [\"ref\"]}}]"}}, {"model": "admin.logentry", "pk": 193, "fields": {"action_time": "2019-11-03T17:21:46.563Z", "user": 1, "content_type": 3, "object_id": "16", "object_repr": "Sicilian, Large, 2 toppings, 42.7", "action_flag": 2, "change_message": "[{\"changed\": {\"fields\": [\"ref\"]}}]"}}, {"model": "admin.logentry", "pk": 194, "fields": {"action_time": "2019-11-03T17:21:54.930Z", "user": 1, "content_type": 3, "object_id": "17", "object_repr": "Sicilian, Small, 3 toppings, 29.45", "action_flag": 2, "change_message": "[{\"changed\": {\"fields\": [\"ref\"]}}]"}}, {"model": "admin.logentry", "pk": 195, "fields": {"action_time": "2019-11-03T17:22:04.006Z", "user": 1, "content_type": 3, "object_id": "18", "object_repr": "Sicilian, Large, 3 toppings, 44.7", "action_flag": 2, "change_message": "[{\"changed\": {\"fields\": [\"ref\"]}}]"}}, {"model": "admin.logentry", "pk": 196, "fields": {"action_time": "2019-11-03T17:22:12.660Z", "user": 1, "content_type": 3, "object_id": "19", "object_repr": "Sicilian, Small, Special, 30.45", "action_flag": 2, "change_message": "[{\"changed\": {\"fields\": [\"ref\"]}}]"}}, {"model": "admin.logentry", "pk": 197, "fields": {"action_time": "2019-11-03T17:22:19.942Z", "user": 1, "content_type": 3, "object_id": "20", "object_repr": "Sicilian, Large, Special, 45.7", "action_flag": 2, "change_message": "[{\"changed\": {\"fields\": [\"ref\"]}}]"}}, {"model": "admin.logentry", "pk": 198, "fields": {"action_time": "2019-11-03T17:24:15.103Z", "user": 1, "content_type": 2, "object_id": "1", "object_repr": "Baked Ziti w/Mozzarella, 6.5", "action_flag": 2, "change_message": "[{\"changed\": {\"fields\": [\"ref\"]}}]"}}, {"model": "admin.logentry", "pk": 199, "fields": {"action_time": "2019-11-03T17:24:22.743Z", "user": 1, "content_type": 2, "object_id": "2", "object_repr": "Baked Ziti w/Meatballs, 8.75", "action_flag": 2, "change_message": "[{\"changed\": {\"fields\": [\"ref\"]}}]"}}, {"model": "admin.logentry", "pk": 200, "fields": {"action_time": "2019-11-03T17:24:29.719Z", "user": 1, "content_type": 2, "object_id": "3", "object_repr": "Baked Ziti w/Chicken, 9.75", "action_flag": 2, "change_message": "[{\"changed\": {\"fields\": [\"ref\"]}}]"}}, {"model": "admin.logentry", "pk": 201, "fields": {"action_time": "2019-11-03T17:24:58.435Z", "user": 1, "content_type": 4, "object_id": "1", "object_repr": "Garden Salad, 6.25", "action_flag": 2, "change_message": "[{\"changed\": {\"fields\": [\"ref\"]}}]"}}, {"model": "admin.logentry", "pk": 202, "fields": {"action_time": "2019-11-03T17:25:07.118Z", "user": 1, "content_type": 4, "object_id": "2", "object_repr": "Greek Salad, 8.25", "action_flag": 2, "change_message": "[{\"changed\": {\"fields\": [\"ref\"]}}]"}}, {"model": "admin.logentry", "pk": 203, "fields": {"action_time": "2019-11-03T17:25:14.686Z", "user": 1, "content_type": 4, "object_id": "3", "object_repr": "Antipasto, 8.25", "action_flag": 2, "change_message": "[{\"changed\": {\"fields\": [\"ref\"]}}]"}}, {"model": "admin.logentry", "pk": 204, "fields": {"action_time": "2019-11-03T17:25:22.084Z", "user": 1, "content_type": 4, "object_id": "4", "object_repr": "Salad w/Tuna, 8.25", "action_flag": 2, "change_message": "[{\"changed\": {\"fields\": [\"ref\"]}}]"}}, {"model": "admin.logentry", "pk": 205, "fields": {"action_time": "2019-11-03T17:25:46.901Z", "user": 1, "content_type": 1, "object_id": "13", "object_repr": "Garden Salad, Small, 35.0", "action_flag": 2, "change_message": "[{\"changed\": {\"fields\": [\"ref\"]}}]"}}, {"model": "admin.logentry", "pk": 206, "fields": {"action_time": "2019-11-03T17:25:55.864Z", "user": 1, "content_type": 1, "object_id": "14", "object_repr": "Garden Salad, Large, 60.0", "action_flag": 2, "change_message": "[{\"changed\": {\"fields\": [\"ref\"]}}]"}}, {"model": "admin.logentry", "pk": 207, "fields": {"action_time": "2019-11-03T17:26:03.550Z", "user": 1, "content_type": 1, "object_id": "15", "object_repr": "Greek Salad, Small, 45.0", "action_flag": 2, "change_message": "[{\"changed\": {\"fields\": [\"ref\"]}}]"}}, {"model": "admin.logentry", "pk": 208, "fields": {"action_time": "2019-11-03T17:26:10.327Z", "user": 1, "content_type": 1, "object_id": "16", "object_repr": "Greek Salad, Large, 70.0", "action_flag": 2, "change_message": "[{\"changed\": {\"fields\": [\"ref\"]}}]"}}, {"model": "admin.logentry", "pk": 209, "fields": {"action_time": "2019-11-03T17:26:17.820Z", "user": 1, "content_type": 1, "object_id": "17", "object_repr": "Antipasto, Small, 45.0", "action_flag": 2, "change_message": "[{\"changed\": {\"fields\": [\"ref\"]}}]"}}, {"model": "admin.logentry", "pk": 210, "fields": {"action_time": "2019-11-03T17:26:27.260Z", "user": 1, "content_type": 1, "object_id": "18", "object_repr": "Antipasto, Large, 70.0", "action_flag": 2, "change_message": "[{\"changed\": {\"fields\": [\"ref\"]}}]"}}, {"model": "admin.logentry", "pk": 211, "fields": {"action_time": "2019-11-03T17:26:35.109Z", "user": 1, "content_type": 1, "object_id": "19", "object_repr": "Baked Ziti, Small, 35.0", "action_flag": 2, "change_message": "[{\"changed\": {\"fields\": [\"ref\"]}}]"}}, {"model": "admin.logentry", "pk": 212, "fields": {"action_time": "2019-11-03T17:26:42.350Z", "user": 1, "content_type": 1, "object_id": "20", "object_repr": "Baked Ziti, Large, 60.0", "action_flag": 2, "change_message": "[{\"changed\": {\"fields\": [\"ref\"]}}]"}}, {"model": "admin.logentry", "pk": 213, "fields": {"action_time": "2019-11-03T17:26:51.884Z", "user": 1, "content_type": 1, "object_id": "21", "object_repr": "Meatball Parm, Small, 45.0", "action_flag": 2, "change_message": "[{\"changed\": {\"fields\": [\"ref\"]}}]"}}, {"model": "admin.logentry", "pk": 214, "fields": {"action_time": "2019-11-03T17:27:01.271Z", "user": 1, "content_type": 1, "object_id": "22", "object_repr": "Meatball Parm, Large, 70.0", "action_flag": 2, "change_message": "[{\"changed\": {\"fields\": [\"ref\"]}}]"}}, {"model": "admin.logentry", "pk": 215, "fields": {"action_time": "2019-11-03T17:27:11.427Z", "user": 1, "content_type": 1, "object_id": "23", "object_repr": "Chicken Parm, Small, 45.0", "action_flag": 2, "change_message": "[{\"changed\": {\"fields\": [\"ref\"]}}]"}}, {"model": "admin.logentry", "pk": 216, "fields": {"action_time": "2019-11-03T17:27:17.999Z", "user": 1, "content_type": 1, "object_id": "24", "object_repr": "Chicken Parm, Large, 80.0", "action_flag": 2, "change_message": "[{\"changed\": {\"fields\": [\"ref\"]}}]"}}, {"model": "admin.logentry", "pk": 217, "fields": {"action_time": "2019-11-03T17:27:58.074Z", "user": 1, "content_type": 18, "object_id": "1", "object_repr": "Cheese, Small, 6.5", "action_flag": 2, "change_message": "[{\"changed\": {\"fields\": [\"ref\"]}}]"}}, {"model": "admin.logentry", "pk": 218, "fields": {"action_time": "2019-11-03T17:28:39.229Z", "user": 1, "content_type": 18, "object_id": "2", "object_repr": "Cheese, Large, 7.95", "action_flag": 2, "change_message": "[{\"changed\": {\"fields\": [\"ref\"]}}]"}}, {"model": "admin.logentry", "pk": 219, "fields": {"action_time": "2019-11-03T17:28:48.684Z", "user": 1, "content_type": 18, "object_id": "3", "object_repr": "Italian, Small, 6.5", "action_flag": 2, "change_message": "[{\"changed\": {\"fields\": [\"ref\"]}}]"}}, {"model": "admin.logentry", "pk": 220, "fields": {"action_time": "2019-11-03T17:29:00.390Z", "user": 1, "content_type": 18, "object_id": "4", "object_repr": "Italian, Large, 7.95", "action_flag": 2, "change_message": "[{\"changed\": {\"fields\": [\"ref\"]}}]"}}, {"model": "admin.logentry", "pk": 221, "fields": {"action_time": "2019-11-03T17:29:12.781Z", "user": 1, "content_type": 18, "object_id": "6", "object_repr": "Ham + Cheese, Large, 7.95", "action_flag": 2, "change_message": "[{\"changed\": {\"fields\": [\"ref\"]}}]"}}, {"model": "admin.logentry", "pk": 222, "fields": {"action_time": "2019-11-03T17:29:24.709Z", "user": 1, "content_type": 18, "object_id": "19", "object_repr": "Ham + Cheese, Small, 6.5", "action_flag": 2, "change_message": "[{\"changed\": {\"fields\": [\"ref\"]}}]"}}, {"model": "admin.logentry", "pk": 223, "fields": {"action_time": "2019-11-03T17:29:41.411Z", "user": 1, "content_type": 18, "object_id": "7", "object_repr": "Meatball, Large, 7.95", "action_flag": 2, "change_message": "[{\"changed\": {\"fields\": [\"ref\"]}}]"}}, {"model": "admin.logentry", "pk": 224, "fields": {"action_time": "2019-11-03T17:29:51.176Z", "user": 1, "content_type": 18, "object_id": "20", "object_repr": "Meatball, Small, 6.5", "action_flag": 2, "change_message": "[{\"changed\": {\"fields\": [\"ref\"]}}]"}}, {"model": "admin.logentry", "pk": 225, "fields": {"action_time": "2019-11-03T17:30:01.481Z", "user": 1, "content_type": 18, "object_id": "8", "object_repr": "Tuna, Large, 7.95", "action_flag": 2, "change_message": "[{\"changed\": {\"fields\": [\"ref\"]}}]"}}, {"model": "admin.logentry", "pk": 226, "fields": {"action_time": "2019-11-03T17:30:08.877Z", "user": 1, "content_type": 18, "object_id": "21", "object_repr": "Tuna, Small, 6.5", "action_flag": 2, "change_message": "[{\"changed\": {\"fields\": [\"ref\"]}}]"}}, {"model": "admin.logentry", "pk": 227, "fields": {"action_time": "2019-11-03T17:30:17.938Z", "user": 1, "content_type": 18, "object_id": "9", "object_repr": "Turkey, Large, 8.5", "action_flag": 2, "change_message": "[{\"changed\": {\"fields\": [\"ref\"]}}]"}}, {"model": "admin.logentry", "pk": 228, "fields": {"action_time": "2019-11-03T17:30:29.688Z", "user": 1, "content_type": 18, "object_id": "22", "object_repr": "Turkey, Small, 7.5", "action_flag": 2, "change_message": "[{\"changed\": {\"fields\": [\"ref\"]}}]"}}, {"model": "admin.logentry", "pk": 229, "fields": {"action_time": "2019-11-03T17:30:44.439Z", "user": 1, "content_type": 18, "object_id": "10", "object_repr": "Chicken Parmigiana, Large, 8.5", "action_flag": 2, "change_message": "[{\"changed\": {\"fields\": [\"ref\"]}}]"}}, {"model": "admin.logentry", "pk": 230, "fields": {"action_time": "2019-11-03T17:31:10.065Z", "user": 1, "content_type": 18, "object_id": "23", "object_repr": "Chicken Parmigiana, Small, 7.5", "action_flag": 2, "change_message": "[{\"changed\": {\"fields\": [\"ref\"]}}]"}}, {"model": "admin.logentry", "pk": 231, "fields": {"action_time": "2019-11-03T17:31:22.694Z", "user": 1, "content_type": 18, "object_id": "11", "object_repr": "Eggplant Parmigiana, Large, 7.95", "action_flag": 2, "change_message": "[{\"changed\": {\"fields\": [\"ref\"]}}]"}}, {"model": "admin.logentry", "pk": 232, "fields": {"action_time": "2019-11-03T17:31:35.442Z", "user": 1, "content_type": 18, "object_id": "24", "object_repr": "Eggplant Parmigiana, Small, 6.5", "action_flag": 2, "change_message": "[{\"changed\": {\"fields\": [\"ref\"]}}]"}}, {"model": "admin.logentry", "pk": 233, "fields": {"action_time": "2019-11-03T17:31:49.151Z", "user": 1, "content_type": 18, "object_id": "12", "object_repr": "Steak, Large, 7.95", "action_flag": 2, "change_message": "[{\"changed\": {\"fields\": [\"ref\"]}}]"}}, {"model": "admin.logentry", "pk": 234, "fields": {"action_time": "2019-11-03T17:31:57.402Z", "user": 1, "content_type": 18, "object_id": "25", "object_repr": "Steak, Small, 6.5", "action_flag": 2, "change_message": "[{\"changed\": {\"fields\": [\"ref\"]}}]"}}, {"model": "admin.logentry", "pk": 235, "fields": {"action_time": "2019-11-03T17:32:16.443Z", "user": 1, "content_type": 18, "object_id": "13", "object_repr": "Steak + Cheese, Large, 8.5", "action_flag": 2, "change_message": "[{\"changed\": {\"fields\": [\"ref\"]}}]"}}, {"model": "admin.logentry", "pk": 236, "fields": {"action_time": "2019-11-03T17:32:25.957Z", "user": 1, "content_type": 18, "object_id": "26", "object_repr": "Steak + Cheese, Small, 6.95", "action_flag": 2, "change_message": "[{\"changed\": {\"fields\": [\"ref\"]}}]"}}, {"model": "admin.logentry", "pk": 237, "fields": {"action_time": "2019-11-03T17:32:43.327Z", "user": 1, "content_type": 18, "object_id": "14", "object_repr": "Sausage, Peppers & Onions, Large, 8.5", "action_flag": 2, "change_message": "[{\"changed\": {\"fields\": [\"ref\"]}}]"}}, {"model": "admin.logentry", "pk": 238, "fields": {"action_time": "2019-11-03T17:32:58.143Z", "user": 1, "content_type": 18, "object_id": "15", "object_repr": "Hamburger, Large, 6.95", "action_flag": 2, "change_message": "[{\"changed\": {\"fields\": [\"ref\"]}}]"}}, {"model": "admin.logentry", "pk": 239, "fields": {"action_time": "2019-11-03T17:33:35.826Z", "user": 1, "content_type": 18, "object_id": "27", "object_repr": "Hamburger, Small, 4.6", "action_flag": 2, "change_message": "[{\"changed\": {\"fields\": [\"ref\"]}}]"}}, {"model": "admin.logentry", "pk": 240, "fields": {"action_time": "2019-11-03T17:33:47.531Z", "user": 1, "content_type": 18, "object_id": "16", "object_repr": "Cheeseburger, Large, 7.45", "action_flag": 2, "change_message": "[{\"changed\": {\"fields\": [\"ref\"]}}]"}}, {"model": "admin.logentry", "pk": 241, "fields": {"action_time": "2019-11-03T17:33:54.538Z", "user": 1, "content_type": 18, "object_id": "28", "object_repr": "Cheeseburger, Small, 5.1", "action_flag": 2, "change_message": "[{\"changed\": {\"fields\": [\"ref\"]}}]"}}, {"model": "admin.logentry", "pk": 242, "fields": {"action_time": "2019-11-03T17:34:03.645Z", "user": 1, "content_type": 18, "object_id": "17", "object_repr": "Fried Chicken, Large, 8.5", "action_flag": 2, "change_message": "[{\"changed\": {\"fields\": [\"ref\"]}}]"}}, {"model": "admin.logentry", "pk": 243, "fields": {"action_time": "2019-11-03T17:34:13.505Z", "user": 1, "content_type": 18, "object_id": "29", "object_repr": "Fried Chicken, Small, 6.95", "action_flag": 2, "change_message": "[{\"changed\": {\"fields\": [\"ref\"]}}]"}}, {"model": "admin.logentry", "pk": 244, "fields": {"action_time": "2019-11-03T17:34:26.237Z", "user": 1, "content_type": 18, "object_id": "18", "object_repr": "Veggie, Large, 8.5", "action_flag": 2, "change_message": "[{\"changed\": {\"fields\": [\"ref\"]}}]"}}, {"model": "admin.logentry", "pk": 245, "fields": {"action_time": "2019-11-03T17:34:39.376Z", "user": 1, "content_type": 18, "object_id": "30", "object_repr": "Veggie, Small, 6.95", "action_flag": 2, "change_message": "[{\"changed\": {\"fields\": [\"ref\"]}}]"}}, {"model": "admin.logentry", "pk": 246, "fields": {"action_time": "2019-11-04T07:11:19.378Z", "user": 1, "content_type": 23, "object_id": "1", "object_repr": "OrderSubsX object (1)", "action_flag": 1, "change_message": "[{\"added\": {}}]"}}, {"model": "admin.logentry", "pk": 247, "fields": {"action_time": "2019-11-04T07:11:28.647Z", "user": 1, "content_type": 23, "object_id": "2", "object_repr": "OrderSubsX object (2)", "action_flag": 1, "change_message": "[{\"added\": {}}]"}}, {"model": "admin.logentry", "pk": 248, "fields": {"action_time": "2019-11-04T07:11:34.340Z", "user": 1, "content_type": 23, "object_id": "3", "object_repr": "OrderSubsX object (3)", "action_flag": 1, "change_message": "[{\"added\": {}}]"}}, {"model": "admin.logentry", "pk": 249, "fields": {"action_time": "2019-11-04T07:11:40.710Z", "user": 1, "content_type": 23, "object_id": "4", "object_repr": "OrderSubsX object (4)", "action_flag": 1, "change_message": "[{\"added\": {}}]"}}, {"model": "admin.logentry", "pk": 250, "fields": {"action_time": "2019-11-04T07:15:41.362Z", "user": 1, "content_type": 23, "object_id": "1", "object_repr": "OrderSubsX object (1)", "action_flag": 2, "change_message": "[{\"changed\": {\"fields\": [\"ref\"]}}]"}}, {"model": "admin.logentry", "pk": 251, "fields": {"action_time": "2019-11-04T07:15:53.274Z", "user": 1, "content_type": 23, "object_id": "2", "object_repr": "OrderSubsX object (2)", "action_flag": 2, "change_message": "[{\"changed\": {\"fields\": [\"ref\"]}}]"}}, {"model": "admin.logentry", "pk": 252, "fields": {"action_time": "2019-11-04T07:16:01.071Z", "user": 1, "content_type": 23, "object_id": "3", "object_repr": "OrderSubsX object (3)", "action_flag": 2, "change_message": "[{\"changed\": {\"fields\": [\"ref\"]}}]"}}, {"model": "admin.logentry", "pk": 253, "fields": {"action_time": "2019-11-04T07:16:10.943Z", "user": 1, "content_type": 23, "object_id": "4", "object_repr": "OrderSubsX object (4)", "action_flag": 2, "change_message": "[{\"changed\": {\"fields\": [\"ref\"]}}]"}}, {"model": "admin.logentry", "pk": 254, "fields": {"action_time": "2019-11-04T18:12:58.065Z", "user": 1, "content_type": 21, "object_id": "1", "object_repr": "Order object (1)", "action_flag": 1, "change_message": "[{\"added\": {}}]"}}, {"model": "admin.logentry", "pk": 255, "fields": {"action_time": "2019-11-04T18:13:12.961Z", "user": 1, "content_type": 22, "object_id": "1", "object_repr": "Item object (1)", "action_flag": 1, "change_message": "[{\"added\": {}}]"}}, {"model": "admin.logentry", "pk": 256, "fields": {"action_time": "2019-11-06T10:44:25.856Z", "user": 1, "content_type": 22, "object_id": "10", "object_repr": "Item object (10)", "action_flag": 1, "change_message": "[{\"added\": {}}]"}}, {"model": "admin.logentry", "pk": 257, "fields": {"action_time": "2019-11-08T08:28:44.015Z", "user": 1, "content_type": 22, "object_id": "67", "object_repr": "Item object (67)", "action_flag": 3, "change_message": ""}}, {"model": "admin.logentry", "pk": 258, "fields": {"action_time": "2019-11-08T08:28:44.090Z", "user": 1, "content_type": 22, "object_id": "66", "object_repr": "Item object (66)", "action_flag": 3, "change_message": ""}}, {"model": "admin.logentry", "pk": 259, "fields": {"action_time": "2019-11-08T08:28:44.093Z", "user": 1, "content_type": 22, "object_id": "65", "object_repr": "Item object (65)", "action_flag": 3, "change_message": ""}}, {"model": "admin.logentry", "pk": 260, "fields": {"action_time": "2019-11-08T08:28:44.095Z", "user": 1, "content_type": 22, "object_id": "64", "object_repr": "Item object (64)", "action_flag": 3, "change_message": ""}}, {"model": "admin.logentry", "pk": 261, "fields": {"action_time": "2019-11-08T08:28:44.098Z", "user": 1, "content_type": 22, "object_id": "63", "object_repr": "Item object (63)", "action_flag": 3, "change_message": ""}}, {"model": "admin.logentry", "pk": 262, "fields": {"action_time": "2019-11-08T08:28:44.101Z", "user": 1, "content_type": 22, "object_id": "62", "object_repr": "Item object (62)", "action_flag": 3, "change_message": ""}}, {"model": "admin.logentry", "pk": 263, "fields": {"action_time": "2019-11-08T08:28:44.104Z", "user": 1, "content_type": 22, "object_id": "61", "object_repr": "Item object (61)", "action_flag": 3, "change_message": ""}}, {"model": "admin.logentry", "pk": 264, "fields": {"action_time": "2019-11-08T08:28:44.106Z", "user": 1, "content_type": 22, "object_id": "60", "object_repr": "Item object (60)", "action_flag": 3, "change_message": ""}}, {"model": "admin.logentry", "pk": 265, "fields": {"action_time": "2019-11-08T08:28:44.109Z", "user": 1, "content_type": 22, "object_id": "59", "object_repr": "Item object (59)", "action_flag": 3, "change_message": ""}}, {"model": "admin.logentry", "pk": 266, "fields": {"action_time": "2019-11-08T08:28:44.111Z", "user": 1, "content_type": 22, "object_id": "58", "object_repr": "Item object (58)", "action_flag": 3, "change_message": ""}}, {"model": "admin.logentry", "pk": 267, "fields": {"action_time": "2019-11-08T08:28:44.114Z", "user": 1, "content_type": 22, "object_id": "57", "object_repr": "Item object (57)", "action_flag": 3, "change_message": ""}}, {"model": "admin.logentry", "pk": 268, "fields": {"action_time": "2019-11-08T08:28:44.117Z", "user": 1, "content_type": 22, "object_id": "56", "object_repr": "Item object (56)", "action_flag": 3, "change_message": ""}}, {"model": "admin.logentry", "pk": 269, "fields": {"action_time": "2019-11-08T08:28:44.120Z", "user": 1, "content_type": 22, "object_id": "55", "object_repr": "Item object (55)", "action_flag": 3, "change_message": ""}}, {"model": "admin.logentry", "pk": 270, "fields": {"action_time": "2019-11-08T08:28:44.123Z", "user": 1, "content_type": 22, "object_id": "54", "object_repr": "Item object (54)", "action_flag": 3, "change_message": ""}}, {"model": "admin.logentry", "pk": 271, "fields": {"action_time": "2019-11-08T08:28:44.125Z", "user": 1, "content_type": 22, "object_id": "53", "object_repr": "Item object (53)", "action_flag": 3, "change_message": ""}}, {"model": "admin.logentry", "pk": 272, "fields": {"action_time": "2019-11-08T08:28:44.128Z", "user": 1, "content_type": 22, "object_id": "52", "object_repr": "Item object (52)", "action_flag": 3, "change_message": ""}}, {"model": "admin.logentry", "pk": 273, "fields": {"action_time": "2019-11-08T08:28:44.132Z", "user": 1, "content_type": 22, "object_id": "51", "object_repr": "Item object (51)", "action_flag": 3, "change_message": ""}}, {"model": "admin.logentry", "pk": 274, "fields": {"action_time": "2019-11-08T08:28:44.135Z", "user": 1, "content_type": 22, "object_id": "50", "object_repr": "Item object (50)", "action_flag": 3, "change_message": ""}}, {"model": "admin.logentry", "pk": 275, "fields": {"action_time": "2019-11-08T08:28:44.138Z", "user": 1, "content_type": 22, "object_id": "49", "object_repr": "Item object (49)", "action_flag": 3, "change_message": ""}}, {"model": "admin.logentry", "pk": 276, "fields": {"action_time": "2019-11-08T08:28:44.141Z", "user": 1, "content_type": 22, "object_id": "48", "object_repr": "Item object (48)", "action_flag": 3, "change_message": ""}}, {"model": "admin.logentry", "pk": 277, "fields": {"action_time": "2019-11-08T08:28:44.144Z", "user": 1, "content_type": 22, "object_id": "47", "object_repr": "Item object (47)", "action_flag": 3, "change_message": ""}}, {"model": "admin.logentry", "pk": 278, "fields": {"action_time": "2019-11-08T08:28:44.147Z", "user": 1, "content_type": 22, "object_id": "46", "object_repr": "Item object (46)", "action_flag": 3, "change_message": ""}}, {"model": "admin.logentry", "pk": 279, "fields": {"action_time": "2019-11-08T08:28:44.150Z", "user": 1, "content_type": 22, "object_id": "45", "object_repr": "Item object (45)", "action_flag": 3, "change_message": ""}}, {"model": "admin.logentry", "pk": 280, "fields": {"action_time": "2019-11-08T08:28:44.153Z", "user": 1, "content_type": 22, "object_id": "44", "object_repr": "Item object (44)", "action_flag": 3, "change_message": ""}}, {"model": "admin.logentry", "pk": 281, "fields": {"action_time": "2019-11-08T08:28:44.156Z", "user": 1, "content_type": 22, "object_id": "43", "object_repr": "Item object (43)", "action_flag": 3, "change_message": ""}}, {"model": "admin.logentry", "pk": 282, "fields": {"action_time": "2019-11-08T08:28:44.159Z", "user": 1, "content_type": 22, "object_id": "42", "object_repr": "Item object (42)", "action_flag": 3, "change_message": ""}}, {"model": "admin.logentry", "pk": 283, "fields": {"action_time": "2019-11-08T08:28:44.161Z", "user": 1, "content_type": 22, "object_id": "41", "object_repr": "Item object (41)", "action_flag": 3, "change_message": ""}}, {"model": "admin.logentry", "pk": 284, "fields": {"action_time": "2019-11-08T08:28:44.164Z", "user": 1, "content_type": 22, "object_id": "40", "object_repr": "Item object (40)", "action_flag": 3, "change_message": ""}}, {"model": "admin.logentry", "pk": 285, "fields": {"action_time": "2019-11-08T08:28:44.166Z", "user": 1, "content_type": 22, "object_id": "39", "object_repr": "Item object (39)", "action_flag": 3, "change_message": ""}}, {"model": "admin.logentry", "pk": 286, "fields": {"action_time": "2019-11-08T08:28:44.169Z", "user": 1, "content_type": 22, "object_id": "38", "object_repr": "Item object (38)", "action_flag": 3, "change_message": ""}}, {"model": "admin.logentry", "pk": 287, "fields": {"action_time": "2019-11-08T08:28:44.172Z", "user": 1, "content_type": 22, "object_id": "37", "object_repr": "Item object (37)", "action_flag": 3, "change_message": ""}}, {"model": "admin.logentry", "pk": 288, "fields": {"action_time": "2019-11-08T08:28:44.175Z", "user": 1, "content_type": 22, "object_id": "36", "object_repr": "Item object (36)", "action_flag": 3, "change_message": ""}}, {"model": "admin.logentry", "pk": 289, "fields": {"action_time": "2019-11-08T08:28:44.177Z", "user": 1, "content_type": 22, "object_id": "35", "object_repr": "Item object (35)", "action_flag": 3, "change_message": ""}}, {"model": "admin.logentry", "pk": 290, "fields": {"action_time": "2019-11-08T08:28:44.180Z", "user": 1, "content_type": 22, "object_id": "34", "object_repr": "Item object (34)", "action_flag": 3, "change_message": ""}}, {"model": "admin.logentry", "pk": 291, "fields": {"action_time": "2019-11-08T08:28:44.193Z", "user": 1, "content_type": 22, "object_id": "33", "object_repr": "Item object (33)", "action_flag": 3, "change_message": ""}}, {"model": "admin.logentry", "pk": 292, "fields": {"action_time": "2019-11-08T08:28:44.196Z", "user": 1, "content_type": 22, "object_id": "32", "object_repr": "Item object (32)", "action_flag": 3, "change_message": ""}}, {"model": "admin.logentry", "pk": 293, "fields": {"action_time": "2019-11-08T08:28:44.199Z", "user": 1, "content_type": 22, "object_id": "31", "object_repr": "Item object (31)", "action_flag": 3, "change_message": ""}}, {"model": "admin.logentry", "pk": 294, "fields": {"action_time": "2019-11-08T08:28:44.201Z", "user": 1, "content_type": 22, "object_id": "30", "object_repr": "Item object (30)", "action_flag": 3, "change_message": ""}}, {"model": "admin.logentry", "pk": 295, "fields": {"action_time": "2019-11-08T08:28:59.536Z", "user": 1, "content_type": 22, "object_id": "73", "object_repr": "Item object (73)", "action_flag": 3, "change_message": ""}}, {"model": "admin.logentry", "pk": 296, "fields": {"action_time": "2019-11-08T08:28:59.539Z", "user": 1, "content_type": 22, "object_id": "72", "object_repr": "Item object (72)", "action_flag": 3, "change_message": ""}}, {"model": "admin.logentry", "pk": 297, "fields": {"action_time": "2019-11-08T08:28:59.542Z", "user": 1, "content_type": 22, "object_id": "71", "object_repr": "Item object (71)", "action_flag": 3, "change_message": ""}}, {"model": "admin.logentry", "pk": 298, "fields": {"action_time": "2019-11-08T08:28:59.544Z", "user": 1, "content_type": 22, "object_id": "70", "object_repr": "Item object (70)", "action_flag": 3, "change_message": ""}}, {"model": "admin.logentry", "pk": 299, "fields": {"action_time": "2019-11-08T08:28:59.547Z", "user": 1, "content_type": 22, "object_id": "69", "object_repr": "Item object (69)", "action_flag": 3, "change_message": ""}}, {"model": "admin.logentry", "pk": 300, "fields": {"action_time": "2019-11-08T08:29:12.723Z", "user": 1, "content_type": 22, "object_id": "68", "object_repr": "Item object (68)", "action_flag": 3, "change_message": ""}}, {"model": "admin.logentry", "pk": 301, "fields": {"action_time": "2019-11-08T11:17:16.448Z", "user": 1, "content_type": 22, "object_id": "81", "object_repr": "Id: 81 (p)", "action_flag": 3, "change_message": ""}}, {"model": "admin.logentry", "pk": 302, "fields": {"action_time": "2019-11-08T11:17:16.550Z", "user": 1, "content_type": 22, "object_id": "80", "object_repr": "Id: 80 (p)", "action_flag": 3, "change_message": ""}}, {"model": "admin.logentry", "pk": 303, "fields": {"action_time": "2019-11-08T11:17:16.553Z", "user": 1, "content_type": 22, "object_id": "79", "object_repr": "Id: 79 (p)", "action_flag": 3, "change_message": ""}}, {"model": "admin.logentry", "pk": 304, "fields": {"action_time": "2019-11-08T11:17:16.555Z", "user": 1, "content_type": 22, "object_id": "78", "object_repr": "Id: 78 (p)", "action_flag": 3, "change_message": ""}}, {"model": "admin.logentry", "pk": 305, "fields": {"action_time": "2019-11-08T11:17:16.558Z", "user": 1, "content_type": 22, "object_id": "77", "object_repr": "Id: 77 (p)", "action_flag": 3, "change_message": ""}}, {"model": "admin.logentry", "pk": 306, "fields": {"action_time": "2019-11-08T11:17:16.561Z", "user": 1, "content_type": 22, "object_id": "76", "object_repr": "Id: 76 (p)", "action_flag": 3, "change_message": ""}}, {"model": "admin.logentry", "pk": 307, "fields": {"action_time": "2019-11-08T11:17:16.564Z", "user": 1, "content_type": 22, "object_id": "75", "object_repr": "Id: 75 (p)", "action_flag": 3, "change_message": ""}}, {"model": "admin.logentry", "pk": 308, "fields": {"action_time": "2019-11-08T11:17:16.566Z", "user": 1, "content_type": 22, "object_id": "74", "object_repr": "Id: 74 (p)", "action_flag": 3, "change_message": ""}}, {"model": "admin.logentry", "pk": 309, "fields": {"action_time": "2019-11-08T11:17:27.243Z", "user": 1, "content_type": 22, "object_id": "83", "object_repr": "Id: 83 (p)", "action_flag": 3, "change_message": ""}}, {"model": "admin.logentry", "pk": 310, "fields": {"action_time": "2019-11-08T11:17:27.246Z", "user": 1, "content_type": 22, "object_id": "82", "object_repr": "Id: 82 (p)", "action_flag": 3, "change_message": ""}}, {"model": "admin.logentry", "pk": 311, "fields": {"action_time": "2019-11-08T11:17:27.249Z", "user": 1, "content_type": 22, "object_id": "29", "object_repr": "Id: 29 (p)", "action_flag": 3, "change_message": ""}}, {"model": "admin.logentry", "pk": 312, "fields": {"action_time": "2019-11-12T08:09:47.495Z", "user": 1, "content_type": 15, "object_id": "1", "object_repr": "tramy", "action_flag": 2, "change_message": "[{\"changed\": {\"fields\": [\"user_permissions\"]}}]"}}, {"model": "admin.logentry", "pk": 313, "fields": {"action_time": "2019-11-13T08:12:22.876Z", "user": 1, "content_type": 21, "object_id": "13", "object_repr": "13", "action_flag": 3, "change_message": ""}}, {"model": "admin.logentry", "pk": 314, "fields": {"action_time": "2019-11-13T08:12:23.098Z", "user": 1, "content_type": 21, "object_id": "9", "object_repr": "9", "action_flag": 3, "change_message": ""}}, {"model": "admin.logentry", "pk": 315, "fields": {"action_time": "2019-11-13T08:12:23.103Z", "user": 1, "content_type": 21, "object_id": "8", "object_repr": "8", "action_flag": 3, "change_message": ""}}, {"model": "admin.logentry", "pk": 316, "fields": {"action_time": "2019-11-13T08:12:23.220Z", "user": 1, "content_type": 21, "object_id": "3", "object_repr": "3", "action_flag": 3, "change_message": ""}}, {"model": "admin.logentry", "pk": 317, "fields": {"action_time": "2019-11-13T08:12:23.225Z", "user": 1, "content_type": 21, "object_id": "2", "object_repr": "2", "action_flag": 3, "change_message": ""}}, {"model": "admin.logentry", "pk": 318, "fields": {"action_time": "2019-11-13T09:29:16.608Z", "user": 1, "content_type": 22, "object_id": "61", "object_repr": "Id: 61 (p)", "action_flag": 3, "change_message": ""}}, {"model": "admin.logentry", "pk": 319, "fields": {"action_time": "2019-11-13T09:29:16.646Z", "user": 1, "content_type": 22, "object_id": "60", "object_repr": "Id: 60 (p)", "action_flag": 3, "change_message": ""}}, {"model": "admin.logentry", "pk": 320, "fields": {"action_time": "2019-11-13T09:29:16.648Z", "user": 1, "content_type": 22, "object_id": "58", "object_repr": "Id: 58 (p)", "action_flag": 3, "change_message": ""}}, {"model": "admin.logentry", "pk": 321, "fields": {"action_time": "2019-11-13T09:29:16.651Z", "user": 1, "content_type": 22, "object_id": "56", "object_repr": "Id: 56 (p)", "action_flag": 3, "change_message": ""}}, {"model": "admin.logentry", "pk": 322, "fields": {"action_time": "2019-11-13T09:29:16.662Z", "user": 1, "content_type": 22, "object_id": "55", "object_repr": "Id: 55 (p)", "action_flag": 3, "change_message": ""}}, {"model": "admin.logentry", "pk": 323, "fields": {"action_time": "2019-11-13T09:53:47.378Z", "user": 1, "content_type": 22, "object_id": "67", "object_repr": "Id: 67 (p)", "action_flag": 3, "change_message": ""}}, {"model": "admin.logentry", "pk": 324, "fields": {"action_time": "2019-11-13T09:53:47.398Z", "user": 1, "content_type": 22, "object_id": "66", "object_repr": "Id: 66 (p)", "action_flag": 3, "change_message": ""}}, {"model": "admin.logentry", "pk": 325, "fields": {"action_time": "2019-11-13T09:53:47.400Z", "user": 1, "content_type": 22, "object_id": "65", "object_repr": "Id: 65 (p)", "action_flag": 3, "change_message": ""}}, {"model": "admin.logentry", "pk": 326, "fields": {"action_time": "2019-11-13T09:53:47.403Z", "user": 1, "content_type": 22, "object_id": "63", "object_repr": "Id: 63 (p)", "action_flag": 3, "change_message": ""}}, {"model": "admin.logentry", "pk": 327, "fields": {"action_time": "2019-11-13T09:53:47.590Z", "user": 1, "content_type": 22, "object_id": "62", "object_repr": "Id: 62 (p)", "action_flag": 3, "change_message": ""}}, {"model": "admin.logentry", "pk": 328, "fields": {"action_time": "2019-11-13T09:53:47.593Z", "user": 1, "content_type": 22, "object_id": "59", "object_repr": "Id: 59 (p)", "action_flag": 3, "change_message": ""}}, {"model": "admin.logentry", "pk": 329, "fields": {"action_time": "2019-11-13T10:01:24.485Z", "user": 1, "content_type": 22, "object_id": "70", "object_repr": "Id: 70 (p)", "action_flag": 3, "change_message": ""}}, {"model": "admin.logentry", "pk": 330, "fields": {"action_time": "2019-11-13T10:01:24.521Z", "user": 1, "content_type": 22, "object_id": "69", "object_repr": "Id: 69 (p)", "action_flag": 3, "change_message": ""}}, {"model": "admin.logentry", "pk": 331, "fields": {"action_time": "2019-11-13T10:01:37.769Z", "user": 1, "content_type": 22, "object_id": "57", "object_repr": "Id: 57 (p)", "action_flag": 3, "change_message": ""}}, {"model": "admin.logentry", "pk": 332, "fields": {"action_time": "2019-11-13T11:06:11.421Z", "user": 1, "content_type": 22, "object_id": "76", "object_repr": "Id: 76 (p)", "action_flag": 3, "change_message": ""}}, {"model": "admin.logentry", "pk": 333, "fields": {"action_time": "2019-11-13T11:06:11.471Z", "user": 1, "content_type": 22, "object_id": "75", "object_repr": "Id: 75 (p)", "action_flag": 3, "change_message": ""}}, {"model": "admin.logentry", "pk": 334, "fields": {"action_time": "2019-11-13T11:06:11.474Z", "user": 1, "content_type": 22, "object_id": "73", "object_repr": "Id: 73 (p)", "action_flag": 3, "change_message": ""}}, {"model": "admin.logentry", "pk": 335, "fields": {"action_time": "2019-11-13T11:06:11.476Z", "user": 1, "content_type": 22, "object_id": "68", "object_repr": "Id: 68 (p)", "action_flag": 3, "change_message": ""}}, {"model": "admin.logentry", "pk": 336, "fields": {"action_time": "2019-11-14T08:13:12.713Z", "user": 1, "content_type": 22, "object_id": "85", "object_repr": "Id: 85 (p)", "action_flag": 3, "change_message": ""}}, {"model": "admin.logentry", "pk": 337, "fields": {"action_time": "2019-11-14T08:13:12.716Z", "user": 1, "content_type": 22, "object_id": "84", "object_repr": "Id: 84 (p)", "action_flag": 3, "change_message": ""}}, {"model": "admin.logentry", "pk": 338, "fields": {"action_time": "2019-11-14T08:13:12.719Z", "user": 1, "content_type": 22, "object_id": "80", "object_repr": "Id: 80 (p)", "action_flag": 3, "change_message": ""}}, {"model": "admin.logentry", "pk": 339, "fields": {"action_time": "2019-11-14T08:13:12.727Z", "user": 1, "content_type": 22, "object_id": "79", "object_repr": "Id: 79 (p)", "action_flag": 3, "change_message": ""}}, {"model": "admin.logentry", "pk": 340, "fields": {"action_time": "2019-11-14T08:13:12.730Z", "user": 1, "content_type": 22, "object_id": "78", "object_repr": "Id: 78 (p)", "action_flag": 3, "change_message": ""}}, {"model": "admin.logentry", "pk": 341, "fields": {"action_time": "2019-11-14T08:13:12.733Z", "user": 1, "content_type": 22, "object_id": "77", "object_repr": "Id: 77 (p)", "action_flag": 3, "change_message": ""}}, {"model": "admin.logentry", "pk": 342, "fields": {"action_time": "2019-11-14T08:13:12.736Z", "user": 1, "content_type": 22, "object_id": "72", "object_repr": "Id: 72 (p)", "action_flag": 3, "change_message": ""}}, {"model": "admin.logentry", "pk": 343, "fields": {"action_time": "2019-11-14T08:27:39.428Z", "user": 1, "content_type": 22, "object_id": "86", "object_repr": "Id: 86 (p)", "action_flag": 2, "change_message": "[{\"changed\": {\"fields\": [\"quantity\"]}}]"}}, {"model": "orders.item", "pk": 1, "fields": {"item": "regular_1", "size": "s", "quantity": 1, "price": 12.0, "status": "c", "order_id": 1, "created_by": null, "topping": [2, 3, 4], "subx": []}}, {"model": "orders.item", "pk": 2, "fields": {"item": "Pizza: Regular 1 topping", "size": "s", "quantity": 2, "price": 27.4, "status": "p", "order_id": null, "created_by": null, "topping": [17], "subx": []}}, {"model": "orders.item", "pk": 3, "fields": {"item": "Pizza: Regular 2 toppings", "size": "l", "quantity": 1, "price": 21.95, "status": "p", "order_id": null, "created_by": null, "topping": [2, 4], "subx": []}}, {"model": "orders.item", "pk": 4, "fields": {"item": "Pasta: Baked Ziti w/Mozzarella", "size": "", "quantity": 1, "price": 6.5, "status": "p", "order_id": null, "created_by": null, "topping": [], "subx": []}}, {"model": "orders.item", "pk": 5, "fields": {"item": "Salad: Garden Salad", "size": "", "quantity": 1, "price": 6.25, "status": "p", "order_id": null, "created_by": null, "topping": [], "subx": []}}, {"model": "orders.item", "pk": 6, "fields": {"item": "Pasta: Baked Ziti w/Meatballs", "size": "", "quantity": 1, "price": 8.75, "status": "p", "order_id": null, "created_by": null, "topping": [], "subx": []}}, {"model": "orders.item", "pk": 7, "fields": {"item": "Pasta: Baked Ziti w/Chicken", "size": "", "quantity": 1, "price": 9.75, "status": "p", "order_id": null, "created_by": null, "topping": [], "subx": []}}, {"model": "orders.item", "pk": 8, "fields": {"item": "Pasta: Baked Ziti w/Chicken", "size": "", "quantity": 1, "price": 9.75, "status": "p", "order_id": null, "created_by": null, "topping": [], "subx": []}}, {"model": "orders.item", "pk": 9, "fields": {"item": "Pizza: Regular Special", "size": "s", "quantity": 3, "price": 53.25, "status": "p", "order_id": null, "created_by": null, "topping": [1, 3, 4], "subx": []}}, {"model": "orders.item", "pk": 10, "fields": {"item": "pasta_3", "size": "s", "quantity": 1, "price": 11.0, "status": "c", "order_id": 1, "created_by": null, "topping": [2], "subx": []}}, {"model": "orders.item", "pk": 11, "fields": {"item": "Pizza: Regular 3 toppings", "size": "s", "quantity": 1, "price": 16.2, "status": "p", "order_id": null, "created_by": null, "topping": [3], "subx": []}}, {"model": "orders.item", "pk": 12, "fields": {"item": "Pizza: Regular 2 toppings", "size": "s", "quantity": 1, "price": 15.2, "status": "p", "order_id": null, "created_by": null, "topping": [2, 3], "subx": []}}, {"model": "orders.item", "pk": 13, "fields": {"item": "Pizza: Regular Special", "size": "s", "quantity": 1, "price": 17.75, "status": "p", "order_id": null, "created_by": null, "topping": [], "subx": []}}, {"model": "orders.item", "pk": 14, "fields": {"item": "Pizza: Regular 2 toppings", "size": "s", "quantity": 1, "price": 15.2, "status": "p", "order_id": null, "created_by": null, "topping": [2, 3], "subx": []}}, {"model": "orders.item", "pk": 15, "fields": {"item": "Pizza: Regular 2 toppings", "size": "s", "quantity": 1, "price": 15.2, "status": "p", "order_id": null, "created_by": null, "topping": [2, 3], "subx": []}}, {"model": "orders.item", "pk": 16, "fields": {"item": "Sub: Tuna", "size": "s", "quantity": 1, "price": 6.5, "status": "p", "order_id": null, "created_by": null, "topping": [], "subx": []}}, {"model": "orders.item", "pk": 17, "fields": {"item": "Pizza: Regular 2 toppings", "size": "s", "quantity": 1, "price": 15.2, "status": "p", "order_id": null, "created_by": null, "topping": [2, 3], "subx": []}}, {"model": "orders.item", "pk": 18, "fields": {"item": "Sub: Italian", "size": "l", "quantity": 1, "price": 7.95, "status": "p", "order_id": null, "created_by": null, "topping": [], "subx": []}}, {"model": "orders.item", "pk": 19, "fields": {"item": "Sub: Steak", "size": "s", "quantity": 1, "price": 6.5, "status": "p", "order_id": null, "created_by": null, "topping": [], "subx": [2, 4]}}, {"model": "orders.item", "pk": 20, "fields": {"item": "Sub: Steak", "size": "s", "quantity": 1, "price": 6.5, "status": "p", "order_id": null, "created_by": null, "topping": [], "subx": [16, 17]}}, {"model": "orders.item", "pk": 21, "fields": {"item": "Sub: Tuna", "size": "s", "quantity": 1, "price": 6.5, "status": "p", "order_id": null, "created_by": null, "topping": [], "subx": [18, 19]}}, {"model": "orders.item", "pk": 22, "fields": {"item": "Sub: Steak", "size": "s", "quantity": 3, "price": 19.5, "status": "p", "order_id": null, "created_by": null, "topping": [], "subx": [17, 18, 19]}}, {"model": "orders.item", "pk": 23, "fields": {"item": "Sub: Tuna", "size": "s", "quantity": 1, "price": 6.5, "status": "p", "order_id": null, "created_by": null, "topping": [], "subx": []}}, {"model": "orders.item", "pk": 24, "fields": {"item": "Sub: Steak", "size": "s", "quantity": 2, "price": 14.0, "status": "p", "order_id": null, "created_by": null, "topping": [], "subx": [16, 17]}}, {"model": "orders.item", "pk": 25, "fields": {"item": "Sub: Steak", "size": "s", "quantity": 2, "price": 14.0, "status": "p", "order_id": null, "created_by": null, "topping": [], "subx": [18, 19]}}, {"model": "orders.item", "pk": 26, "fields": {"item": "Sub: Steak", "size": "s", "quantity": 1, "price": 7.5, "status": "p", "order_id": null, "created_by": null, "topping": [], "subx": [18, 19]}}, {"model": "orders.item", "pk": 27, "fields": {"item": "Sub: Steak", "size": "s", "quantity": 3, "price": 24.0, "status": "p", "order_id": null, "created_by": null, "topping": [], "subx": [17, 18, 19]}}, {"model": "orders.item", "pk": 28, "fields": {"item": "Sub: Italian", "size": "s", "quantity": 1, "price": 7.0, "status": "p", "order_id": null, "created_by": null, "topping": [], "subx": [19]}}, {"model": "orders.item", "pk": 29, "fields": {"item": "Pizza: Regular Cheese", "size": "S", "quantity": 1, "price": 12.7, "status": "pr", "order_id": null, "created_by": 1, "topping": [], "subx": []}}, {"model": "orders.item", "pk": 30, "fields": {"item": "Pizza: Regular 1 topping", "size": "L", "quantity": 1, "price": 19.95, "status": "s", "order_id": null, "created_by": 1, "topping": [4], "subx": []}}, {"model": "orders.item", "pk": 31, "fields": {"item": "Pizza: Regular Cheese", "size": "S", "quantity": 1, "price": 12.7, "status": "s", "order_id": null, "created_by": 1, "topping": [], "subx": []}}, {"model": "orders.item", "pk": 32, "fields": {"item": "Pizza: Regular Cheese", "size": "S", "quantity": 1, "price": 12.7, "status": "c", "order_id": 4, "created_by": 1, "topping": [], "subx": []}}, {"model": "orders.item", "pk": 33, "fields": {"item": "Pizza: Sicilian Cheese", "size": "S", "quantity": 1, "price": 24.45, "status": "c", "order_id": 4, "created_by": 1, "topping": [], "subx": []}}, {"model": "orders.item", "pk": 34, "fields": {"item": "Pizza: Regular Cheese", "size": "S", "quantity": 1, "price": 12.7, "status": "pr", "order_id": 5, "created_by": 1, "topping": [], "subx": []}}, {"model": "orders.item", "pk": 35, "fields": {"item": "Pizza: Regular 3 toppings", "size": "L", "quantity": 1, "price": 23.95, "status": "pr", "order_id": 5, "created_by": 1, "topping": [1, 2, 3], "subx": []}}, {"model": "orders.item", "pk": 36, "fields": {"item": "Pizza: Regular Cheese", "size": "S", "quantity": 1, "price": 12.7, "status": "pr", "order_id": 6, "created_by": 1, "topping": [], "subx": []}}, {"model": "orders.item", "pk": 37, "fields": {"item": "Sub: Veggie", "size": "L", "quantity": 1, "price": 9.0, "status": "s", "order_id": 7, "created_by": 1, "topping": [], "subx": [19]}}, {"model": "orders.item", "pk": 38, "fields": {"item": "Pizza: Regular 1 topping", "size": "S", "quantity": 1, "price": 13.7, "status": "s", "order_id": null, "created_by": 1, "topping": [3], "subx": []}}, {"model": "orders.item", "pk": 39, "fields": {"item": "Sub: Italian", "size": "L", "quantity": 2, "price": 16.9, "status": "s", "order_id": null, "created_by": 1, "topping": [], "subx": [19]}}, {"model": "orders.item", "pk": 40, "fields": {"item": "Pizza: Regular 1 topping", "size": "S", "quantity": 1, "price": 13.7, "status": "s", "order_id": null, "created_by": 1, "topping": [4], "subx": []}}, {"model": "orders.item", "pk": 41, "fields": {"item": "Sub: Italian", "size": "L", "quantity": 1, "price": 8.45, "status": "s", "order_id": null, "created_by": 1, "topping": [], "subx": [19]}}, {"model": "orders.item", "pk": 42, "fields": {"item": "Sub: Italian", "size": "L", "quantity": 1, "price": 8.45, "status": "s", "order_id": null, "created_by": 1, "topping": [], "subx": [19]}}, {"model": "orders.item", "pk": 43, "fields": {"item": "Pizza: Sicilian 1 topping", "size": "S", "quantity": 1, "price": 26.45, "status": "pr", "order_id": 10, "created_by": 1, "topping": [3], "subx": []}}, {"model": "orders.item", "pk": 44, "fields": {"item": "Sub: Italian", "size": "L", "quantity": 2, "price": 16.9, "status": "pr", "order_id": 10, "created_by": 1, "topping": [], "subx": [19]}}, {"model": "orders.item", "pk": 45, "fields": {"item": "Sub: Cheeseburger", "size": "S", "quantity": 1, "price": 5.1, "status": "s", "order_id": 11, "created_by": 1, "topping": [], "subx": []}}, {"model": "orders.item", "pk": 46, "fields": {"item": "Salad: Antipasto", "size": "", "quantity": 4, "price": 33.0, "status": "s", "order_id": 11, "created_by": 1, "topping": [], "subx": []}}, {"model": "orders.item", "pk": 47, "fields": {"item": "Pizza: Regular Cheese", "size": "S", "quantity": 1, "price": 12.7, "status": "s", "order_id": 11, "created_by": 1, "topping": [], "subx": []}}, {"model": "orders.item", "pk": 48, "fields": {"item": "Pizza: Regular 2 toppings", "size": "L", "quantity": 2, "price": 43.9, "status": "s", "order_id": 12, "created_by": 6, "topping": [2, 3], "subx": []}}, {"model": "orders.item", "pk": 50, "fields": {"item": "Pizza: Regular Cheese", "size": "S", "quantity": 1, "price": 12.7, "status": "s", "order_id": 14, "created_by": 5, "topping": [], "subx": []}}, {"model": "orders.item", "pk": 51, "fields": {"item": "Sub: Italian", "size": "L", "quantity": 1, "price": 7.95, "status": "s", "order_id": 14, "created_by": 5, "topping": [], "subx": []}}, {"model": "orders.item", "pk": 52, "fields": {"item": "Sub: Italian", "size": "L", "quantity": 2, "price": 15.9, "status": "s", "order_id": 14, "created_by": 5, "topping": [], "subx": []}}, {"model": "orders.item", "pk": 53, "fields": {"item": "Sub: Italian", "size": "L", "quantity": 2, "price": 15.9, "status": "s", "order_id": 14, "created_by": 5, "topping": [], "subx": []}}, {"model": "orders.item", "pk": 54, "fields": {"item": "Pizza: Regular 2 toppings", "size": "S", "quantity": 1, "price": 15.2, "status": "s", "order_id": 14, "created_by": 5, "topping": [2, 3], "subx": []}}, {"model": "orders.item", "pk": 94, "fields": {"item": "Pizza: Regular 1 topping", "size": "S", "quantity": 2, "price": 27.4, "status": "s", "order_id": 15, "created_by": 1, "topping": [4], "subx": []}}, {"model": "orders.item", "pk": 96, "fields": {"item": "Pizza: Regular Special", "size": "S", "quantity": 1, "price": 17.75, "status": "s", "order_id": 16, "created_by": 5, "topping": [], "subx": []}}, {"model": "orders.item", "pk": 97, "fields": {"item": "Pizza: Regular Special", "size": "S", "quantity": 1, "price": 17.75, "status": "s", "order_id": 16, "created_by": 5, "topping": [2, 3, 4, 5, 7], "subx": []}}, {"model": "orders.item", "pk": 98, "fields": {"item": "Sub: Sausage, Peppers & Onions", "size": "L", "quantity": 2, "price": 17.0, "status": "s", "order_id": 16, "created_by": 5, "topping": [], "subx": []}}, {"model": "orders.item", "pk": 99, "fields": {"item": "Pizza: Regular 2 toppings", "size": "L", "quantity": 1, "price": 21.95, "status": "s", "order_id": 16, "created_by": 5, "topping": [2, 3], "subx": []}}, {"model": "orders.item", "pk": 100, "fields": {"item": "Sub: Tuna", "size": "S", "quantity": 2, "price": 13.0, "status": "s", "order_id": 16, "created_by": 5, "topping": [], "subx": []}}, {"model": "orders.item", "pk": 101, "fields": {"item": "Pizza: Regular Special", "size": "S", "quantity": 1, "price": 17.75, "status": "s", "order_id": 17, "created_by": 5, "topping": [1, 2, 3, 4], "subx": []}}, {"model": "orders.item", "pk": 103, "fields": {"item": "Pizza: Sicilian Cheese", "size": "S", "quantity": 1, "price": 24.45, "status": "s", "order_id": 18, "created_by": 1, "topping": [], "subx": []}}, {"model": "orders.item", "pk": 105, "fields": {"item": "Pizza: Sicilian 1 topping", "size": "S", "quantity": 1, "price": 26.45, "status": "p", "order_id": 19, "created_by": 1, "topping": [2], "subx": []}}, {"model": "orders.item", "pk": 106, "fields": {"item": "Pizza: Sicilian 1 topping", "size": "S", "quantity": 1, "price": 26.45, "status": "p", "order_id": 19, "created_by": 1, "topping": [3], "subx": []}}, {"model": "orders.item", "pk": 107, "fields": {"item": "Pizza: Regular 3 toppings", "size": "L", "quantity": 2, "price": 47.9, "status": "s", "order_id": 20, "created_by": 7, "topping": [2, 3, 4], "subx": []}}, {"model": "orders.item", "pk": 108, "fields": {"item": "Pizza: Regular 2 toppings", "size": "S", "quantity": 1, "price": 15.2, "status": "p", "order_id": 19, "created_by": 1, "topping": [2, 4], "subx": []}}, {"model": "orders.item", "pk": 110, "fields": {"item": "Pizza: Regular 1 topping", "size": "S", "quantity": 2, "price": 27.4, "status": "p", "order_id": 19, "created_by": 1, "topping": [2], "subx": []}}, {"model": "orders.item", "pk": 111, "fields": {"item": "Sub: Italian", "size": "S", "quantity": 2, "price": 14.0, "status": "s", "order_id": 21, "created_by": 7, "topping": [], "subx": [19]}}, {"model": "orders.item", "pk": 113, "fields": {"item": "Sub: Steak", "size": "L", "quantity": 1, "price": 9.45, "status": "s", "order_id": 21, "created_by": 7, "topping": [], "subx": [16, 17, 18]}}, {"model": "orders.item", "pk": 114, "fields": {"item": "Pasta: Baked Ziti w/Meatballs", "size": "", "quantity": 2, "price": 17.5, "status": "s", "order_id": 21, "created_by": 7, "topping": [], "subx": []}}, {"model": "orders.item", "pk": 115, "fields": {"item": "Pizza: Regular 2 toppings", "size": "L", "quantity": 2, "price": 43.9, "status": "p", "order_id": 22, "created_by": 8, "topping": [2, 7], "subx": []}}, {"model": "orders.item", "pk": 117, "fields": {"item": "Sub: Steak", "size": "S", "quantity": 2, "price": 16.0, "status": "p", "order_id": 22, "created_by": 8, "topping": [], "subx": [16, 17, 18]}}, {"model": "orders.item", "pk": 119, "fields": {"item": "Pizza: Regular 2 toppings", "size": "L", "quantity": 2, "price": 43.9, "status": "c", "order_id": 23, "created_by": 9, "topping": [4, 6], "subx": []}}, {"model": "orders.item", "pk": 121, "fields": {"item": "Sub: Steak", "size": "S", "quantity": 3, "price": 24.0, "status": "c", "order_id": 23, "created_by": 9, "topping": [], "subx": [16, 17, 18]}}, {"model": "orders.order", "pk": 1, "fields": {"created_by": 1, "time": "2019-11-12T11:26:49.455Z", "status": "c", "total_price": 12.7}}, {"model": "orders.order", "pk": 4, "fields": {"created_by": 1, "time": "2019-11-16T09:55:15.369Z", "status": "c", "total_price": 37.15}}, {"model": "orders.order", "pk": 5, "fields": {"created_by": 1, "time": "2019-11-13T08:09:32.529Z", "status": "pr", "total_price": 36.65}}, {"model": "orders.order", "pk": 6, "fields": {"created_by": 1, "time": "2019-11-16T09:55:04.040Z", "status": "pr", "total_price": 12.7}}, {"model": "orders.order", "pk": 7, "fields": {"created_by": 1, "time": "2019-11-09T13:11:12.483Z", "status": "s", "total_price": 9.0}}, {"model": "orders.order", "pk": 10, "fields": {"created_by": 1, "time": "2019-11-15T10:58:30.829Z", "status": "pr", "total_price": 43.35}}, {"model": "orders.order", "pk": 11, "fields": {"created_by": 1, "time": "2019-11-09T14:47:49.347Z", "status": "s", "total_price": 50.8}}, {"model": "orders.order", "pk": 12, "fields": {"created_by": 6, "time": "2019-11-09T14:51:24.591Z", "status": "s", "total_price": 43.9}}, {"model": "orders.order", "pk": 14, "fields": {"created_by": 5, "time": "2019-11-15T08:32:34.863Z", "status": "s", "total_price": 67.65}}, {"model": "orders.order", "pk": 15, "fields": {"created_by": 1, "time": "2019-11-15T08:28:41.180Z", "status": "s", "total_price": 27.4}}, {"model": "orders.order", "pk": 16, "fields": {"created_by": 5, "time": "2019-11-15T10:56:11.281Z", "status": "s", "total_price": 87.45}}, {"model": "orders.order", "pk": 17, "fields": {"created_by": 5, "time": "2019-11-15T10:57:37.489Z", "status": "s", "total_price": 17.75}}, {"model": "orders.order", "pk": 18, "fields": {"created_by": 1, "time": "2019-11-16T07:14:26.215Z", "status": "s", "total_price": 24.45}}, {"model": "orders.order", "pk": 19, "fields": {"created_by": 1, "time": "2019-11-16T07:17:59.196Z", "status": "p", "total_price": null}}, {"model": "orders.order", "pk": 20, "fields": {"created_by": 7, "time": "2019-11-16T08:56:40.138Z", "status": "s", "total_price": 47.9}}, {"model": "orders.order", "pk": 21, "fields": {"created_by": 7, "time": "2019-11-16T09:51:58.463Z", "status": "s", "total_price": 40.95}}, {"model": "orders.order", "pk": 22, "fields": {"created_by": 8, "time": "2019-11-16T09:58:51.801Z", "status": "p", "total_price": null}}, {"model": "orders.order", "pk": 23, "fields": {"created_by": 9, "time": "2019-11-16T10:08:17.651Z", "status": "c", "total_price": 67.9}}]